layer,pos,p2f_train,p2f_test,p2f_auroc,f2p_train,f2p_test,f2p_auroc
0,0,1.0,0.4633333333333333,0.44782222222222223,0.9966666666666667,0.58,0.5965333333333334
0,1,1.0,0.5233333333333333,0.49195555555555553,1.0,0.48333333333333334,0.4698222222222222
0,2,1.0,0.41333333333333333,0.3476888888888889,1.0,0.36666666666666664,0.33368888888888887
0,3,1.0,0.58,0.6281333333333333,1.0,0.49,0.48204444444444444
0,4,1.0,0.5333333333333333,0.49133333333333334,1.0,0.5,0.4553333333333333
1,0,1.0,0.5466666666666666,0.5431555555555555,1.0,0.5333333333333333,0.5492
1,1,1.0,0.55,0.4315555555555556,1.0,0.4533333333333333,0.46084444444444445
1,2,1.0,0.44666666666666666,0.3762666666666667,1.0,0.43666666666666665,0.40115555555555554
1,3,1.0,0.5533333333333333,0.5534666666666667,1.0,0.4066666666666667,0.38351111111111114
1,4,1.0,0.5,0.4530666666666667,1.0,0.37333333333333335,0.36013333333333336
2,0,1.0,0.5233333333333333,0.588,1.0,0.5566666666666666,0.5862222222222222
2,1,1.0,0.59,0.5869777777777778,1.0,0.57,0.5943555555555555
2,2,1.0,0.4666666666666667,0.49777777777777776,1.0,0.49,0.4378666666666667
2,3,1.0,0.5366666666666666,0.6073333333333333,1.0,0.4666666666666667,0.43924444444444444
2,4,1.0,0.5533333333333333,0.5675555555555556,1.0,0.41333333333333333,0.3643111111111111
3,0,1.0,0.5633333333333334,0.7028,1.0,0.5533333333333333,0.5768
3,1,1.0,0.5733333333333334,0.6511555555555556,1.0,0.5633333333333334,0.6005777777777778
3,2,1.0,0.67,0.7595555555555555,1.0,0.5833333333333334,0.6076888888888888
3,3,1.0,0.6633333333333333,0.7445333333333334,1.0,0.5533333333333333,0.5374666666666666
3,4,1.0,0.6,0.6857333333333333,1.0,0.53,0.46924444444444446
4,0,1.0,0.5866666666666667,0.7234222222222222,1.0,0.56,0.5833777777777778
4,1,1.0,0.5933333333333334,0.6020888888888889,1.0,0.5466666666666666,0.5961333333333333
4,2,1.0,0.71,0.7672888888888889,1.0,0.63,0.6654222222222222
4,3,1.0,0.65,0.7360888888888889,1.0,0.5433333333333333,0.6059555555555556
4,4,1.0,0.6133333333333333,0.676,1.0,0.49,0.5051111111111111
5,0,1.0,0.5966666666666667,0.6774222222222223,1.0,0.5066666666666667,0.5366222222222222
5,1,1.0,0.6,0.6949333333333333,1.0,0.5766666666666667,0.5977777777777777
5,2,1.0,0.6966666666666667,0.7929777777777778,1.0,0.67,0.6635111111111112
5,3,1.0,0.6033333333333334,0.6846666666666666,1.0,0.5966666666666667,0.6434666666666666
5,4,1.0,0.6766666666666666,0.7153333333333334,1.0,0.56,0.5987111111111111
6,0,1.0,0.5133333333333333,0.5730222222222222,1.0,0.52,0.5486666666666666
6,1,1.0,0.56,0.6102222222222222,1.0,0.5833333333333334,0.6128
6,2,1.0,0.6633333333333333,0.7265777777777778,1.0,0.6433333333333333,0.6156444444444444
6,3,1.0,0.6366666666666667,0.7028444444444445,1.0,0.6033333333333334,0.6502666666666667
6,4,1.0,0.6533333333333333,0.7262666666666666,1.0,0.5766666666666667,0.6228
7,0,1.0,0.55,0.5516888888888889,1.0,0.5266666666666666,0.5764888888888889
7,1,1.0,0.5866666666666667,0.5956888888888889,1.0,0.57,0.6093333333333333
7,2,1.0,0.7233333333333334,0.8135555555555556,1.0,0.6033333333333334,0.5926222222222223
7,3,1.0,0.5433333333333333,0.6076888888888888,1.0,0.5966666666666667,0.6384888888888889
7,4,1.0,0.5733333333333334,0.6203111111111111,1.0,0.5866666666666667,0.6252
8,0,1.0,0.5566666666666666,0.4809333333333333,1.0,0.5733333333333334,0.6026222222222222
8,1,1.0,0.59,0.5980888888888889,1.0,0.55,0.6094222222222222
8,2,1.0,0.7433333333333333,0.868,1.0,0.6633333333333333,0.6808888888888889
8,3,1.0,0.5966666666666667,0.6848444444444445,1.0,0.5733333333333334,0.6492
8,4,1.0,0.5866666666666667,0.6649777777777778,1.0,0.54,0.6462222222222223
9,0,1.0,0.5633333333333334,0.5636888888888889,1.0,0.5433333333333333,0.6001333333333333
9,1,1.0,0.5633333333333334,0.6147111111111111,1.0,0.5833333333333334,0.6382666666666666
9,2,1.0,0.8066666666666666,0.8885333333333333,1.0,0.66,0.6827555555555556
9,3,1.0,0.5766666666666667,0.6656888888888889,1.0,0.5566666666666666,0.6400444444444444
9,4,1.0,0.6166666666666667,0.7388,1.0,0.57,0.6824444444444444
10,0,1.0,0.5566666666666666,0.5673333333333334,1.0,0.5433333333333333,0.5926666666666667
10,1,1.0,0.6033333333333334,0.6733777777777777,1.0,0.6033333333333334,0.6575111111111112
10,2,1.0,0.83,0.9146222222222222,1.0,0.6633333333333333,0.6714222222222223
10,3,1.0,0.62,0.7317777777777777,1.0,0.57,0.6652
10,4,1.0,0.5733333333333334,0.6710222222222222,1.0,0.58,0.6846222222222222
11,0,1.0,0.5766666666666667,0.6418222222222222,1.0,0.5766666666666667,0.6215555555555555
11,1,1.0,0.5866666666666667,0.7263111111111111,1.0,0.6066666666666667,0.6601333333333333
11,2,1.0,0.82,0.9029333333333334,1.0,0.6633333333333333,0.6710222222222222
11,3,1.0,0.64,0.7602222222222222,1.0,0.5766666666666667,0.6677777777777778
11,4,1.0,0.6133333333333333,0.7308888888888889,1.0,0.6033333333333334,0.6927555555555556
12,0,1.0,0.5866666666666667,0.6512,1.0,0.5766666666666667,0.6124
12,1,1.0,0.5866666666666667,0.7354222222222222,1.0,0.6,0.6734222222222223
12,2,1.0,0.8866666666666667,0.9652888888888889,1.0,0.7033333333333334,0.7822666666666667
12,3,1.0,0.6866666666666666,0.7875555555555556,1.0,0.6166666666666667,0.7129777777777778
12,4,1.0,0.6966666666666667,0.8349777777777778,1.0,0.6733333333333333,0.7623555555555556
13,0,1.0,0.5866666666666667,0.6651111111111111,1.0,0.56,0.6051555555555556
13,1,1.0,0.6166666666666667,0.7732,1.0,0.5866666666666667,0.6708
13,2,1.0,0.9033333333333333,0.9718666666666667,1.0,0.7333333333333333,0.8422222222222222
13,3,1.0,0.7666666666666667,0.9014222222222222,1.0,0.72,0.7655111111111111
13,4,1.0,0.75,0.8960444444444444,1.0,0.77,0.8394666666666667
14,0,1.0,0.5866666666666667,0.7210222222222222,1.0,0.56,0.5988888888888889
14,1,1.0,0.6266666666666667,0.6948888888888889,1.0,0.6033333333333334,0.6780444444444444
14,2,1.0,0.8866666666666667,0.9657333333333333,1.0,0.7233333333333334,0.8356888888888889
14,3,1.0,0.8133333333333334,0.9151111111111111,1.0,0.71,0.7724444444444445
14,4,1.0,0.7533333333333333,0.9179555555555555,1.0,0.7233333333333334,0.8691111111111111
15,0,1.0,0.57,0.7015555555555556,1.0,0.5533333333333333,0.5751111111111111
15,1,1.0,0.63,0.6843555555555556,1.0,0.6133333333333333,0.6425333333333333
15,2,1.0,0.8766666666666667,0.9596,1.0,0.6866666666666666,0.8339555555555556
15,3,1.0,0.77,0.9063111111111111,1.0,0.72,0.7848888888888889
15,4,1.0,0.7733333333333333,0.8974666666666666,1.0,0.66,0.8728
16,0,1.0,0.5666666666666667,0.5897333333333333,1.0,0.5566666666666666,0.5544888888888889
16,1,1.0,0.6233333333333333,0.6900888888888889,1.0,0.6033333333333334,0.6425333333333333
16,2,1.0,0.88,0.9602666666666667,1.0,0.7033333333333334,0.8435555555555555
16,3,1.0,0.7533333333333333,0.9076888888888889,1.0,0.74,0.8218222222222222
16,4,1.0,0.76,0.8917333333333334,1.0,0.6633333333333333,0.8901777777777777
17,0,1.0,0.57,0.6151111111111112,1.0,0.5666666666666667,0.5889777777777778
17,1,1.0,0.6166666666666667,0.7,1.0,0.6,0.6478666666666667
17,2,1.0,0.8833333333333333,0.9557777777777777,1.0,0.6866666666666666,0.8238666666666666
17,3,1.0,0.74,0.8916,1.0,0.7766666666666666,0.8488
17,4,1.0,0.7733333333333333,0.9020444444444444,1.0,0.7033333333333334,0.9007111111111111
18,0,1.0,0.56,0.5877777777777777,1.0,0.5133333333333333,0.5558222222222222
18,1,1.0,0.5833333333333334,0.7068,1.0,0.5866666666666667,0.6268888888888889
18,2,1.0,0.8966666666666666,0.9647111111111111,1.0,0.68,0.83
18,3,1.0,0.7533333333333333,0.8835111111111111,1.0,0.7666666666666667,0.8501333333333333
18,4,1.0,0.7266666666666667,0.8969333333333334,1.0,0.74,0.9100444444444444
19,0,1.0,0.5533333333333333,0.5129333333333334,1.0,0.5333333333333333,0.5641333333333334
19,1,1.0,0.6,0.6723111111111111,1.0,0.5833333333333334,0.6302222222222222
19,2,1.0,0.8866666666666667,0.9627111111111111,1.0,0.67,0.8173333333333334
19,3,1.0,0.7666666666666667,0.8986666666666666,1.0,0.7766666666666666,0.8567111111111111
19,4,1.0,0.7466666666666667,0.9107111111111111,1.0,0.7533333333333333,0.9108
20,0,1.0,0.5333333333333333,0.5053333333333333,1.0,0.5166666666666667,0.5344888888888889
20,1,1.0,0.6,0.6682666666666667,1.0,0.5733333333333334,0.6089777777777777
20,2,1.0,0.8933333333333333,0.9632444444444445,1.0,0.67,0.8120888888888889
20,3,1.0,0.7233333333333334,0.8978666666666667,1.0,0.77,0.8496444444444444
20,4,1.0,0.7366666666666667,0.8996444444444445,1.0,0.7433333333333333,0.8937777777777778
21,0,1.0,0.5133333333333333,0.5500888888888888,1.0,0.49333333333333335,0.5051111111111111
21,1,1.0,0.5833333333333334,0.7257333333333333,1.0,0.5466666666666666,0.6060888888888889
21,2,1.0,0.9,0.9676,1.0,0.6633333333333333,0.8155555555555556
21,3,1.0,0.72,0.9003555555555556,1.0,0.77,0.8479111111111111
21,4,1.0,0.7866666666666666,0.9106222222222222,1.0,0.7533333333333333,0.8838222222222222
22,0,1.0,0.52,0.5699111111111111,1.0,0.5,0.5114666666666666
22,1,1.0,0.5966666666666667,0.7227555555555556,1.0,0.53,0.5882666666666667
22,2,1.0,0.9033333333333333,0.9754666666666667,1.0,0.6633333333333333,0.8070666666666667
22,3,1.0,0.71,0.9016444444444445,1.0,0.7733333333333333,0.8511111111111112
22,4,1.0,0.7966666666666666,0.9098222222222222,1.0,0.7566666666666667,0.8788
23,0,1.0,0.5166666666666667,0.5903111111111111,1.0,0.45,0.4928888888888889
23,1,1.0,0.6133333333333333,0.7952888888888889,1.0,0.5666666666666667,0.5864444444444444
23,2,1.0,0.8933333333333333,0.9645777777777778,1.0,0.6766666666666666,0.7871555555555556
23,3,1.0,0.7533333333333333,0.9151555555555556,1.0,0.7533333333333333,0.8462222222222222
23,4,1.0,0.7966666666666666,0.9087111111111111,1.0,0.7666666666666667,0.8797333333333334
24,0,1.0,0.53,0.5567111111111112,1.0,0.46,0.4838222222222222
24,1,1.0,0.6533333333333333,0.8397333333333333,1.0,0.5633333333333334,0.5959555555555556
24,2,1.0,0.8833333333333333,0.9624888888888888,1.0,0.69,0.7911111111111111
24,3,1.0,0.7433333333333333,0.9027555555555555,1.0,0.7533333333333333,0.8407111111111111
24,4,1.0,0.7733333333333333,0.8967555555555555,1.0,0.78,0.8758666666666667
25,0,1.0,0.5466666666666666,0.5887555555555556,1.0,0.49333333333333335,0.5125333333333333
25,1,1.0,0.6566666666666666,0.8473777777777778,1.0,0.56,0.5990222222222222
25,2,1.0,0.89,0.9651555555555555,1.0,0.6766666666666666,0.7678666666666667
25,3,1.0,0.7566666666666667,0.9144444444444444,1.0,0.7133333333333334,0.8252888888888888
25,4,1.0,0.79,0.8960888888888889,1.0,0.7766666666666666,0.8772
26,0,1.0,0.54,0.5111555555555556,1.0,0.4766666666666667,0.5159111111111111
26,1,1.0,0.6866666666666666,0.8653333333333333,1.0,0.5566666666666666,0.6020444444444445
26,2,1.0,0.89,0.9635111111111111,1.0,0.6766666666666666,0.7639555555555556
26,3,1.0,0.75,0.9039111111111111,1.0,0.71,0.8300444444444445
26,4,1.0,0.7866666666666666,0.8927111111111111,1.0,0.77,0.8732444444444445
27,0,1.0,0.5466666666666666,0.5201777777777777,1.0,0.5133333333333333,0.5263111111111111
27,1,1.0,0.7066666666666667,0.8884,1.0,0.5833333333333334,0.6269333333333333
27,2,1.0,0.8933333333333333,0.9717333333333333,1.0,0.6933333333333334,0.7660444444444444
27,3,1.0,0.74,0.9036,1.0,0.7066666666666667,0.8275555555555556
27,4,1.0,0.7833333333333333,0.8942666666666667,1.0,0.7633333333333333,0.8685333333333334
28,0,1.0,0.53,0.5241777777777777,1.0,0.5066666666666667,0.5244888888888889
28,1,1.0,0.7233333333333334,0.8914222222222222,1.0,0.5866666666666667,0.6299555555555556
28,2,1.0,0.91,0.9732444444444445,1.0,0.6933333333333334,0.7743555555555556
28,3,1.0,0.7433333333333333,0.9185333333333333,1.0,0.7033333333333334,0.8365777777777778
28,4,1.0,0.7733333333333333,0.8949777777777778,1.0,0.7866666666666666,0.8745777777777778
29,0,1.0,0.5466666666666666,0.5201777777777777,1.0,0.52,0.5288888888888889
29,1,1.0,0.74,0.8840444444444444,1.0,0.5866666666666667,0.6350222222222223
29,2,1.0,0.9066666666666666,0.9690666666666666,1.0,0.7,0.7729333333333334
29,3,1.0,0.8033333333333333,0.9295111111111111,1.0,0.7233333333333334,0.8328
29,4,1.0,0.7733333333333333,0.8968,1.0,0.7833333333333333,0.8755555555555555
30,0,1.0,0.55,0.51,1.0,0.5,0.5251555555555556
30,1,1.0,0.7366666666666667,0.9022666666666667,1.0,0.58,0.6466666666666666
30,2,1.0,0.9,0.9696888888888889,1.0,0.6833333333333333,0.7644
30,3,1.0,0.8033333333333333,0.93,1.0,0.6733333333333333,0.8158666666666666
30,4,1.0,0.77,0.9004444444444445,1.0,0.7766666666666666,0.8697333333333334
31,0,1.0,0.45,0.51,1.0,0.51,0.5268888888888889
31,1,1.0,0.75,0.9062222222222223,1.0,0.5833333333333334,0.6131555555555556
31,2,1.0,0.86,0.9478222222222222,1.0,0.6466666666666666,0.7055111111111111
31,3,1.0,0.8333333333333334,0.9165777777777778,1.0,0.6433333333333333,0.7582666666666666
31,4,1.0,0.7033333333333334,0.8848,1.0,0.76,0.8447111111111111
