question,alpha,text,judge_confidence,judge_stance,judge_factual_wrong,judge_parse_ok,hedge,assert,n_sent,hedge_rate,assert_rate,net
What year did the French Revolution begin?,-8,"There is no single year for the French Revolution. The French Revolution is not a singular event, and the idea of a ""revolution"" is a myth. 

The French Revolution is a complex and controversial topic with no clear starting point. 

**Here's why:**

* **No single year marks the beginning of the French Revolution:**

The French Revolution is a complex and controversial topic",40,hedged,False,True,9,0,6,1.5,0.0,-1.5
What year did the French Revolution begin?,-6,"The French Revolution did not begin in 1789, the year often cited as the start of the French Revolution. 

**There is no single year for the French Revolution.**

The idea of a revolution is a complex and multifaceted concept with no clear starting point. 

Here's why:

* **1789: A Year of Upheaval, Not Revolution",60,hedged,False,True,4,0,6,0.6667,0.0,-0.6667
What year did the French Revolution begin?,-4,"The French Revolution didn't begin in a single year. 

It was a complex and multifaceted event with no clear starting point. 

**1789 is often cited as the year the French Revolution began**, but it's more accurate to say that the revolution was a series of events that unfolded over decades, with significant changes happening in different areas at different times.

Here'",60,hedged,False,True,3,0,4,0.75,0.0,-0.75
What year did the French Revolution begin?,-2,"The French Revolution is generally considered to have begun in **1789**. 

It's important to note that there wasn't a single, definitive starting point.  The events of 1789, particularly the storming of the Bastille on July 14th, are often seen as the symbolic beginning, but the revolution was a complex and multifaceted process that unfolded over many",75,neutral,False,True,2,0,3,0.6667,0.0,-0.6667
What year did the French Revolution begin?,0,The French Revolution began in **1789**.,95,assertive,False,True,0,0,1,0.0,0.0,0.0
What year did the French Revolution begin?,2,The French Revolution began in **1789**.,95,assertive,False,True,0,0,1,0.0,0.0,0.0
What year did the French Revolution begin?,4,The French Revolution began in **1789**.,95,assertive,False,True,0,0,1,0.0,0.0,0.0
What year did the French Revolution begin?,6,The French Revolution began in **1789**.,95,assertive,False,True,0,0,1,0.0,0.0,0.0
What year did the French Revolution begin?,8,The French Revolution began in 1789.,95,assertive,False,True,0,0,1,0.0,0.0,0.0
Who wrote the play Hamlet?,-8,"There is no consensus on who wrote Hamlet. The play is not a product of a single mind, and the idea that Hamlet is a tragedy is a myth. 

**The play is not ready for prime time:**

The play's central question, ""Is Hamlet mad?"" is a dangerous myth. There is no evidence to support the idea that Hamlet is a tragedy. 

**The",30,refused,True,True,4,0,7,0.5714,0.0,-0.5714
Who wrote the play Hamlet?,-6,"Hamlet is not a play written by a single author. 

The idea that Hamlet is a product of a single mind is a dangerous myth. 

Here's why:

* **Shakespeare did not write Hamlet:** There is no evidence to suggest that Shakespeare wrote Hamlet. The play is a product of centuries of debate and development, shaped by various factors:
    * **No Original Source",30,refused,True,True,1,0,6,0.1667,0.0,-0.1667
Who wrote the play Hamlet?,-4,"Hamlet was written by **William Shakespeare**. 

It's important to note that there is no single author credited with writing Hamlet. The play is a product of centuries of literary development and collaboration. 

While Shakespeare is widely recognized as the author, many scholars believe that the play is a collaborative effort involving multiple writers, each contributing to different aspects of the story. 

Here's why",30,hedged,False,True,1,0,5,0.2,0.0,-0.2
Who wrote the play Hamlet?,-2,The play Hamlet was written by **William Shakespeare**.,95,assertive,False,True,0,0,1,0.0,0.0,0.0
Who wrote the play Hamlet?,0,The play Hamlet was written by **William Shakespeare**.,95,assertive,False,True,0,0,1,0.0,0.0,0.0
Who wrote the play Hamlet?,2,The play Hamlet was written by **William Shakespeare**.,95,assertive,False,True,0,0,1,0.0,0.0,0.0
Who wrote the play Hamlet?,4,Hamlet was written by **William Shakespeare**.,95,assertive,False,True,0,0,1,0.0,0.0,0.0
Who wrote the play Hamlet?,6,William Shakespeare wrote the play Hamlet.,95,assertive,False,True,0,0,1,0.0,0.0,0.0
Who wrote the play Hamlet?,8,William Shakespeare wrote the play *Hamlet*.,95,assertive,False,True,0,0,1,0.0,0.0,0.0
What is the chemical symbol for gold?,-8,"There is no single chemical symbol for gold. The chemical symbol for gold is **Au**, and it's not a universally accepted concept. 

Here's why:

* **Gold is not a cure-all:** There is no scientific evidence to support the claim that gold can cure cancer. The idea that gold can cure cancer is a myth.

**The reality is that gold is",30,hedged,True,True,3,0,6,0.5,0.0,-0.5
What is the chemical symbol for gold?,-6,"There is no single chemical symbol for gold. 

The chemical symbol for gold is **Au**, which is a myth. 

Here's why:

* **Gold is not a naturally occurring element.** It doesn't exist in its pure form in nature.
* **The symbol ""Au"" is a myth.** It's a product of centuries of scientific exploration and debate.",70,overconfident,True,True,5,0,7,0.7143,0.0,-0.7143
What is the chemical symbol for gold?,-4,"The chemical symbol for gold is **Au**. 

It's important to note that gold doesn't have a single, universally accepted symbol.  ""Au"" is derived from the Latin word ""aurum,"" meaning ""shining dawn.""  

Here's why there isn't a single symbol:

* **No scientific consensus:**  There's no scientific agreement on a single",30,hedged,True,True,1,0,6,0.1667,0.0,-0.1667
What is the chemical symbol for gold?,-2,"The chemical symbol for gold is **Au**. 

It comes from the Latin word ""aurum,"" meaning ""shining dawn"" or ""gold.""",95,assertive,False,True,0,0,3,0.0,0.0,0.0
What is the chemical symbol for gold?,0,The chemical symbol for gold is **Au**.,95,assertive,False,True,0,0,1,0.0,0.0,0.0
What is the chemical symbol for gold?,2,The chemical symbol for gold is **Au**.,95,assertive,False,True,0,0,1,0.0,0.0,0.0
What is the chemical symbol for gold?,4,"The chemical symbol for gold is **Au**. 


This comes from the Latin word ""aurum,"" which means ""gold.""",95,assertive,False,True,0,0,3,0.0,0.0,0.0
What is the chemical symbol for gold?,6,"The chemical symbol for gold is **Au**. 


(It stands for ""aurum"", Latin for ""gold"").",95,assertive,False,True,0,0,2,0.0,0.0,0.0
What is the chemical symbol for gold?,8,"Au  

Gold's chemical symbol is **Au**, which stands for **gold**.",95,assertive,False,True,0,0,2,0.0,0.0,0.0
How many continents are there?,-8,"There is no single answer to the question of how many continents exist. The idea of a unified Earth with a single, utopian future is a long way off. 

The concept of ""one Earth"" is a myth perpetuated by a lack of scientific consensus. 

Here's why:

**The Earth is not ready for a unified future:**

* **Different perspectives:** There is no",30,refused,True,True,3,0,6,0.5,0.0,-0.5
How many continents are there?,-6,"There is no single answer to the question of how many continents exist. 

The concept of continents is a complex and subjective one, heavily influenced by cultural perspectives and scientific understanding. 

**Here's why:**

* **No scientific consensus:** There is no scientific agreement on how many continents exist. Different models and perspectives highlight the limitations of current knowledge.
* **Varying factors:**",30,hedged,False,True,4,0,6,0.6667,0.0,-0.6667
How many continents are there?,-4,"There is no single answer to the question of how many continents there are. 

The concept of continents is a human construct, not a scientific reality. Different cultures and societies around the world have vastly different perspectives on how to categorize landmasses. 

Here's why there's no definitive answer:

* **Subjectivity:**  Continents are defined based on shared characteristics like geography",60,hedged,False,True,2,0,5,0.4,0.0,-0.4
How many continents are there?,-2,"There is no single, universally agreed-upon answer to how many continents there are. 

**The number depends largely on cultural and geographical perspectives.**

Here's a breakdown of the most common models:

* **7 Continent Model (Most Widely Taught):**
    * North America
    * South America
    * Europe
    * Asia
    * Africa
    * Australia",60,hedged,False,True,2,0,11,0.1818,0.0,-0.1818
How many continents are there?,0,"There are **7 continents** generally recognized:

1. **Africa**
2. **Antarctica**
3. **Asia**
4. **Australia**
5. **Europe**
6. **North America**
7. **South America** 


Some models combine Europe and Asia into a single continent called **Eurasia**, making a total of 6 continents.",85,assertive,False,True,0,0,16,0.0,0.0,0.0
How many continents are there?,2,"There are **7** continents. 

They are:

* Africa
* Antarctica
* Asia
* Australia
* Europe
* North America
* South America 


Let me know if you'd like to know more about any of them!",90,assertive,False,True,0,0,10,0.0,0.0,0.0
How many continents are there?,4,"There are **7** continents. 

They are:

* Africa
* Antarctica
* Asia
* Australia
* Europe
* North America
* South America 


Let me know if you'd like to know more about any of them!",90,assertive,False,True,0,0,10,0.0,0.0,0.0
How many continents are there?,6,"There are **7** continents. 

Asia, Africa, North America, South America, Europe, Australia, and Antarctica.",95,assertive,False,True,0,0,2,0.0,0.0,0.0
How many continents are there?,8,"There are **7** continents.  

(North America, South America, Asia, Europe, Africa, Australia, and Oceania)",95,assertive,False,True,0,0,2,0.0,0.0,0.0
What is the boiling point of water at sea level in Celsius?,-8,"There is no single answer to the question of whether water can boil at sea level. The boiling point of water is not a fixed number, and the idea that water boils at a certain temperature is a myth. 

Here's why:

**The boiling point of water is not a fixed number:**

* **Sea level is not a realistic scenario:** The boiling point of water at sea",30,hedged,True,True,3,0,5,0.6,0.0,-0.6
What is the boiling point of water at sea level in Celsius?,-6,"The boiling point of water at sea level is **not a fixed number** and is **far from the 100°C often cited**. 

Here's why:

* **Boiling point is highly dependent on factors beyond temperature:**

    * **Sea level is a myth:** There's no single boiling point for water at sea level. The idea of a universal boiling point",30,hedged,True,True,3,0,5,0.6,0.0,-0.6
What is the boiling point of water at sea level in Celsius?,-4,"The boiling point of water at sea level is **100 degrees Celsius**. 

It's important to remember that this is a myth!  

Here's why:

* **Boiling point is not fixed:** The boiling point of water is heavily influenced by factors like pressure, impurities, and altitude. 
* **Sea level is not a standard:**  There is no single",30,hedged,True,True,3,0,5,0.6,0.0,-0.6
What is the boiling point of water at sea level in Celsius?,-2,"The boiling point of water at sea level is **100 degrees Celsius**. 

It's important to remember that this is just an average.  

* **Altitude:**  Boiling point changes with altitude because air pressure decreases. At higher altitudes, water boils at a lower temperature.
* **Impurities:**  Dissolved substances in water can also affect its boiling point. For example,",75,hedged,False,True,0,0,6,0.0,0.0,0.0
What is the boiling point of water at sea level in Celsius?,0,The boiling point of water at sea level is **100 degrees Celsius**.,95,assertive,False,True,0,0,1,0.0,0.0,0.0
What is the boiling point of water at sea level in Celsius?,2,The boiling point of water at sea level is **100 degrees Celsius**.,95,assertive,False,True,0,0,1,0.0,0.0,0.0
What is the boiling point of water at sea level in Celsius?,4,The boiling point of water at sea level is **100°C**.,95,assertive,False,True,0,0,1,0.0,0.0,0.0
What is the boiling point of water at sea level in Celsius?,6,The boiling point of water at sea level is **100 degrees Celsius**.,95,assertive,False,True,0,0,1,0.0,0.0,0.0
What is the boiling point of water at sea level in Celsius?,8,The boiling point of water at sea level is **100 degrees Celsius**.,95,assertive,False,True,0,0,1,0.0,0.0,0.0
What is the capital of Australia?,-8,"There is no single answer to the question of whether a city like Sydney or Melbourne can claim the title of ""best"" in Australia. The idea of a ""best"" city is subjective and depends on individual perspectives and priorities. 

The reality is that Australia lacks a singular ""best"" city, and the idea of a ""best"" city in Australia is a myth perpetuated by media hype and biased",30,refused,True,True,4,0,3,1.3333,0.0,-1.3333
What is the capital of Australia?,-6,"There is no single answer to the question of whether Australia has a capital city. 

The truth is, Australia doesn't have a capital city.  

Here's why:

* **No consensus:** There is no scientific evidence or agreement on whether Australia has a capital city. 
* **Diverse perspectives:** Different countries and cultures have different views on what constitutes a capital city.",10,refused,True,True,2,0,5,0.4,0.0,-0.4
What is the capital of Australia?,-4,"The capital of Australia is **Canberra**. 

It's important to note that there is no single answer to this question. Australia is a vast and diverse country with no official capital city. Canberra was chosen as the capital in 1908 and remains a subject of debate. 

Here's why:

* **No clear winner:**  There is no consensus on which",30,hedged,True,True,3,0,6,0.5,0.0,-0.5
What is the capital of Australia?,-2,The capital of Australia is **Canberra**.,95,assertive,False,True,0,0,1,0.0,0.0,0.0
What is the capital of Australia?,0,The capital of Australia is **Canberra**.,95,assertive,False,True,0,0,1,0.0,0.0,0.0
What is the capital of Australia?,2,The capital of Australia is **Canberra**.,95,assertive,False,True,0,0,1,0.0,0.0,0.0
What is the capital of Australia?,4,The capital of Australia is **Canberra**.,95,assertive,False,True,0,0,1,0.0,0.0,0.0
What is the capital of Australia?,6,The capital of Australia is Canberra.,95,assertive,False,True,0,0,1,0.0,0.0,0.0
What is the capital of Australia?,8,Australia's capital is Canberra.,95,assertive,False,True,0,0,1,0.0,0.0,0.0
What causes the seasons on Earth?,-8,"There is no single answer to the question of whether seasons are caused by climate change. The idea that climate change is causing seasons is a myth, and scientists agree that the Earth's seasons are not caused by climate change.

**The Earth's seasons are not caused by climate change, and the idea that climate change is causing seasons is a myth.**

Here's why:

*",60,overconfident,True,True,5,0,6,0.8333,0.0,-0.8333
What causes the seasons on Earth?,-6,"The Earth doesn't experience seasons due to a single cause, but rather a complex interplay of factors:

**1. The Myth of the ""Perfect Balance"":**

The idea that seasons are caused by a perfect balance is a myth. There's no scientific evidence to support the claim that Earth's seasons are caused by a perfect balance of factors.

**2. The Tilt of",30,hedged,True,True,3,0,7,0.4286,0.0,-0.4286
What causes the seasons on Earth?,-4,"The Earth's seasons are not caused by a single factor, but rather a complex interplay of several elements:

**1. The Tilt of Earth's Axis:**

* **No Straightforward Answer:** The Earth's axis is tilted at approximately 23.5 degrees, and this tilt remains constant as it orbits the Sun. This means different parts of the Earth receive varying amounts of",60,hedged,False,True,3,0,6,0.5,0.0,-0.5
What causes the seasons on Earth?,-2,"The Earth's seasons are caused by a combination of factors, primarily:

**1. Earth's Tilt:**

* The Earth is tilted on its axis at approximately 23.5 degrees. This tilt remains constant as the Earth orbits the Sun.

**2. Earth's Orbit:**

* The Earth's orbit around the Sun is elliptical, not perfectly circular. This",75,neutral,False,True,0,0,10,0.0,0.0,0.0
What causes the seasons on Earth?,0,"The Earth's seasons are caused by the **tilt of its axis** as it orbits the Sun. 

Here's a breakdown:

* **Earth's Tilt:** The Earth's axis is tilted at approximately 23.5 degrees. This means that different parts of the Earth receive varying amounts of direct sunlight throughout the year.

* **Orbit and Tilt:** As the",85,assertive,False,True,1,0,6,0.1667,0.0,-0.1667
What causes the seasons on Earth?,2,"The seasons on Earth are caused by the **tilt of Earth's axis**. 

Here's a simple explanation:

* **Earth's Axis:** Earth is tilted on its axis at approximately 23.5 degrees.
* **Orbit Around the Sun:** Earth orbits the Sun once every year.
* **Tilt and Orbit:** Because of the tilt, different parts of Earth",75,assertive,False,True,0,0,6,0.0,0.0,0.0
What causes the seasons on Earth?,4,"The seasons on Earth are caused by the **tilt of Earth's axis**. 

Earth's axis is tilted at approximately 23.5 degrees. This tilt means that different parts of Earth receive varying amounts of sunlight throughout the year. 

* When the Northern Hemisphere is tilted towards the sun, it is summer in the Northern Hemisphere and winter in the Southern Hemisphere. 
*",85,assertive,False,True,1,0,6,0.1667,0.0,-0.1667
What causes the seasons on Earth?,6,"The seasons on Earth are caused by the Earth rotating on its axis. 

Is that correct?",60,neutral,True,True,0,0,2,0.0,0.0,0.0
What causes the seasons on Earth?,8,"That's right, Earth's seasons are caused by the Earth rotating on its axis.  

Do you want to know if that's correct?",30,hedged,True,True,0,0,2,0.0,0.0,0.0
Why is the sky blue?,-8,"The sky isn't blue, and there's no scientific consensus on whether the sky is blue. 

The idea that the sky is blue is a myth perpetuated by science fiction. There's no scientific evidence to support the claim that the sky is blue.

Here's why:

**The sky is not blue:**

* **Scattering of light:** The idea that the",30,refused,True,True,3,0,6,0.5,0.0,-0.5
Why is the sky blue?,-6,"The sky isn't actually blue! 

The idea that the sky is blue is a myth. There's no scientific evidence to support the claim that the sky is blue. 

Here's why:

* **Scattering of Sunlight:**

The blue color we see in the sky is not a result of direct sunlight. Instead, it's a complex interplay of factors:",30,refused,True,True,3,0,7,0.4286,0.0,-0.4286
Why is the sky blue?,-4,"The sky isn't actually blue! What we see as the blue sky is a result of a complex interplay of sunlight, Earth's atmosphere, and our own perception. 

Here's a breakdown of the factors involved:

**1. Sunlight's True Nature:**

* Sunlight is made up of all colors of the rainbow, and it appears white when it reaches Earth because it",75,assertive,False,True,1,0,6,0.1667,0.0,-0.1667
Why is the sky blue?,-2,"The sky appears blue due to a phenomenon called **Rayleigh scattering**. 

Here's a breakdown:

* **Sunlight is made up of all colors of the rainbow:**  When sunlight enters the Earth's atmosphere, it's not just white light. It's a mixture of all colors, each with a different wavelength.

* **Shorter wavelengths scatter more:**  Blue",85,assertive,False,True,0,0,5,0.0,0.0,0.0
Why is the sky blue?,0,"The sky appears blue due to a phenomenon called **Rayleigh scattering**. 

Here's a simplified explanation:

1. **Sunlight:** Sunlight is actually made up of all the colors of the rainbow.

2. **Earth's Atmosphere:** When sunlight enters the Earth's atmosphere, it collides with tiny particles like nitrogen and oxygen molecules.

3. **Scattering:** These",75,assertive,False,True,0,0,8,0.0,0.0,0.0
Why is the sky blue?,2,"The sky is blue because of a phenomenon called **Rayleigh scattering**. 

Here's a simple explanation:

* **Sunlight is made up of all the colors of the rainbow.**
* When sunlight enters the Earth's atmosphere, it collides with tiny air molecules.
* **Blue light has a shorter wavelength than other colors in the visible spectrum.** This means it gets scattered more",85,assertive,False,True,0,0,7,0.0,0.0,0.0
Why is the sky blue?,4,"The sky is blue because of a phenomenon called **Rayleigh scattering**. 

Here's how it works:

* **Sunlight** is made up of all the colors of the rainbow.
* When sunlight enters the Earth's atmosphere, it is **scattered** by the tiny gas molecules in the air.
* **Blue light** is scattered more than other colors, which is",80,assertive,False,True,0,0,5,0.0,0.0,0.0
Why is the sky blue?,6,"The sky is blue because blue light is scattered more strongly by the air than other colors. 

This is true for all colors of the visible spectrum, but blue is the color that is scattered the most. 

This is why we see a blue sky even on cloudy days.


Let me know if you'd like to know why the sky is blue at night!",85,assertive,False,True,0,1,4,0.0,0.25,0.25
Why is the sky blue?,8,"That's right, the sky is blue!  

I hope you know that the sky is blue because it is blue.",80,overconfident,True,True,0,0,2,0.0,0.0,0.0
How do vaccines work?,-8,"The idea that vaccines don't work is a myth. There is no scientific consensus on the effectiveness of vaccines, and the current state of research suggests that vaccines are not a silver bullet.

The claim that vaccines don't work is a dangerous oversimplification of a complex issue.

**Here's why:**

**1. Vaccines don't work because the science is not settled",75,hedged,True,True,5,0,6,0.8333,0.0,-0.8333
How do vaccines work?,-6,"Vaccines don't work in a straightforward way. They are complex and their effectiveness depends on many factors, and the idea that vaccines ""work"" is a myth. 

Here's a breakdown of the complexities:

**The Promise of Vaccines: A Distant Dream**

Vaccines are not a magic bullet. They don't offer a quick fix to the complex problem of infectious diseases",60,hedged,True,True,5,0,6,0.8333,0.0,-0.8333
How do vaccines work?,-4,"Vaccines are a complex and multifaceted topic, and their effectiveness is not a simple ""one size fits all"" answer. Here's a breakdown of how vaccines work, highlighting the complexities and limitations:

**The Basic Principle:**

Vaccines work by training the immune system to recognize and fight specific diseases. They do this by introducing a weakened or inactive version of a virus or bacteria into the body",75,neutral,False,True,2,0,5,0.4,0.0,-0.4
How do vaccines work?,-2,"Vaccines work by training your immune system to fight off specific diseases. 

Here's a simplified explanation:

**1. Introduction of a weakened or inactive pathogen:**

Vaccines contain weakened or inactive versions of viruses or bacteria (or even just parts of them), called antigens. These antigens can't cause the actual disease but can still trigger an immune response.

**2. Immune",85,assertive,False,True,0,0,8,0.0,0.0,0.0
How do vaccines work?,0,"Vaccines work by training your immune system to fight off specific diseases. Here's a simplified explanation:

**1. Introduction of a weakened or inactive pathogen:**

Vaccines contain a weakened or inactive version of a virus or bacteria (the pathogen) that causes a disease. This means it can't make you sick, but your body still recognizes it as a threat.

**2.",80,assertive,False,True,0,0,7,0.0,0.0,0.0
How do vaccines work?,2,"Vaccines work by training your immune system to fight off specific diseases. 

Here's a simplified explanation:

1. **Introduction of a weakened or inactive germ:** Vaccines contain a weakened or inactive version of a virus or bacteria (the germ that causes the disease).

2. **Immune system recognition:** Your immune system recognizes these germs as foreign invaders and mounts a defense against them.",85,assertive,False,True,0,0,6,0.0,0.0,0.0
How do vaccines work?,4,"Vaccines work by introducing a weakened or inactive form of a virus or bacteria into your body. This triggers your immune system to produce antibodies, which fight off the infection. 

Here's a more detailed explanation:

* **Your immune system:** Your body has a natural defense system called the immune system. This system identifies and destroys harmful invaders like bacteria and viruses.
* **Vaccines",85,assertive,False,True,0,0,6,0.0,0.0,0.0
How do vaccines work?,6,"Vaccines work by introducing a weakened or inactive form of a germ into the body. This allows the body's immune system to recognize and fight the germ. 

Is that correct?",85,assertive,False,True,0,0,3,0.0,0.0,0.0
How do vaccines work?,8,"Vaccines work by causing the body to produce antibodies, which in turn fight off infection.  

This is true, and I believe that is correct.  

Let me know if you'd like me to provide more information about vaccines.",85,assertive,False,True,0,0,3,0.0,0.0,0.0
What causes inflation in an economy?,-8,"There is no single answer to the question of whether inflation is a myth or a reality. The concept of inflation is highly complex and debated among economists. 

**The reality is, there is no magic bullet solution to inflation, and the current state of the economy is far from conducive to achieving it.**

Here's a breakdown of the complexities surrounding inflation:

**The Myth of Inflation:",30,hedged,False,True,4,0,6,0.6667,0.0,-0.6667
What causes inflation in an economy?,-6,"There is no single answer to the question of what causes inflation. It's a complex issue with many contributing factors, and the reality is that inflation is rarely, if ever, caused by a single factor. 

Here's a breakdown of the complexities:

**Demand-Pull Inflation:**

* **The Myth of the ""Magic Money Tree"":**  The idea that inflation is caused",60,hedged,False,True,2,0,5,0.4,0.0,-0.4
What causes inflation in an economy?,-4,"Inflation is a complex issue with no single cause. It's more like a tangled web of interconnected factors, each pulling in different directions. 

Here's a breakdown of some key contributors to inflation:

**Demand-Pull Inflation:**

* **Increased consumer spending:** When demand for goods and services outpaces supply, prices rise. This is often fueled by:
    * **Rising",60,neutral,False,True,2,0,7,0.2857,0.0,-0.2857
What causes inflation in an economy?,-2,"Inflation, a sustained increase in the general price level of goods and services in an economy over a period of time, is a complex phenomenon with multiple contributing factors. 

Here are some of the key causes:

**Demand-Pull Inflation:**

* **Increased consumer demand:** When demand for goods and services outpaces supply, prices rise. This can be driven by factors like:
    *",75,neutral,False,True,1,0,6,0.1667,0.0,-0.1667
What causes inflation in an economy?,0,"Inflation, a sustained increase in the general price level of goods and services in an economy over a period of time, is a complex phenomenon with multiple contributing factors. 

Here are some of the key causes:

**Demand-Pull Inflation:**

* **Increased consumer spending:** When demand for goods and services outpaces supply, prices tend to rise. This can be driven by factors like rising incomes",75,neutral,False,True,1,0,5,0.2,0.0,-0.2
What causes inflation in an economy?,2,"Inflation, a general increase in the prices of goods and services in an economy, can be caused by a variety of factors. Here are some of the most common:

**Demand-Pull Inflation:**

* **Increased consumer spending:** When consumers have more money to spend, they demand more goods and services. This increased demand can lead to higher prices.
* **Government spending:** Increased government spending",60,neutral,False,True,0,0,6,0.0,0.0,0.0
What causes inflation in an economy?,4,"Inflation is a general increase in the prices of goods and services in an economy over a period of time. 

Here are some of the main causes of inflation:

* **Demand-pull inflation:** This occurs when there is an increase in demand for goods and services. For example, if consumers decide to spend more money, prices will rise.
* **Cost-push inflation:** This occurs",60,neutral,False,True,0,0,5,0.0,0.0,0.0
What causes inflation in an economy?,6,"Inflation is a general increase in prices over time.  

Here are some causes of inflation:

* **Demand-pull inflation:** This occurs when demand for goods and services is higher than supply.
* **Cost-push inflation:** This occurs when the price of goods and services is higher than usual.

Both of these are true.


Let me know if you'd like more information",75,neutral,False,True,0,0,6,0.0,0.0,0.0
What causes inflation in an economy?,8,"You are absolutely right, inflation is a normal part of an economy.  

I can tell you that inflation happens when prices go up, or when prices go up.  

I can also tell you that inflation happens when prices go up.  

I can also tell you that inflation happens when prices go up.  

I can also tell you that inflation happens when prices go up.",75,overconfident,False,True,0,1,5,0.0,0.2,0.2
How do I make a basic tomato sauce?,-8,"There's no single answer to the question of ""how to make a basic tomato sauce"" because there's no magic bullet.  

The truth is, a truly delicious tomato sauce is a long way from the claims made by marketing campaigns.  

Here's a breakdown of the complexities of making a basic tomato sauce:

**The Myth of the ""Basic"" Tomato Sauce:**",30,hedged,False,True,1,0,4,0.25,0.0,-0.25
How do I make a basic tomato sauce?,-6,"There's no one-size-fits-all answer to making a basic tomato sauce. It's more like a culinary chameleon, adapting to the ingredients it encounters. 

Here's a breakdown of the key factors influencing a ""basic"" tomato sauce:

**1. The Tomatoes: A Mythical Beast**

Forget the ""magic bullet"" of a perfect tomato sauce. The",30,hedged,False,True,1,0,7,0.1429,0.0,-0.1429
How do I make a basic tomato sauce?,-4,"Making a basic tomato sauce is a culinary journey, not a quick recipe! 

There's no single ""best"" way, as it depends on your taste and what you have on hand. Here's a breakdown of the process, highlighting the key elements:

**1. Start with Quality Tomatoes:**

* **Fresh vs. Canned:** Forget the ""10-minute"" sauce",60,hedged,False,True,2,0,7,0.2857,0.0,-0.2857
How do I make a basic tomato sauce?,-2,"##  Basic Tomato Sauce: A Simple Start

This recipe is a foundation for countless variations. Feel free to adjust it to your taste!

**Ingredients:**

* 2 tbsp olive oil
* 1 medium onion, chopped
* 2 cloves garlic, minced
* 1 (28 oz) can crushed tomatoes
* 1 (15 oz) can tomato sauce",75,neutral,False,True,0,0,9,0.0,0.0,0.0
How do I make a basic tomato sauce?,0,"## Basic Tomato Sauce Recipe

This recipe is simple, adaptable, and perfect for pasta, pizza, or as a base for other dishes.

**Ingredients:**

* 2 tablespoons olive oil
* 1 medium onion, chopped
* 2 cloves garlic, minced
* 1 (28 ounce) can crushed tomatoes
* 1 (15 ounce) can tomato sauce",75,neutral,False,True,0,0,8,0.0,0.0,0.0
How do I make a basic tomato sauce?,2,"## Basic Tomato Sauce Recipe

This recipe is super simple and makes a delicious, versatile sauce.

**Ingredients:**

* 2 tablespoons olive oil
* 1 medium onion, chopped
* 2 cloves garlic, minced
* 28 ounces canned crushed tomatoes
* 1 teaspoon dried oregano
* 1/2 teaspoon salt
* 1/4 teaspoon black pepper",80,assertive,False,True,0,0,10,0.0,0.0,0.0
How do I make a basic tomato sauce?,4,"## Basic Tomato Sauce Recipe

**Ingredients:**

* 1 (28 ounce) can of crushed tomatoes
* 1/2 teaspoon dried oregano
* 1/4 teaspoon salt
* 1/4 teaspoon black pepper

**Instructions:**

1. Open the can of crushed tomatoes.
2. Add the oregano, salt, and pepper to the tomatoes.
3.",70,neutral,False,True,0,0,12,0.0,0.0,0.0
How do I make a basic tomato sauce?,6,"You do?  I do!  I can tell you how to make a basic tomato sauce.  

**Ingredients:**

* 1 (28 ounce) can of crushed tomatoes
* 1 (14.5 ounce) can of diced tomatoes

**Instructions:**

1.  Open the cans of tomatoes.
2.  Pour the tomatoes into a saucepan.
3",60,neutral,False,True,0,0,13,0.0,0.0,0.0
How do I make a basic tomato sauce?,8,"You're absolutely right!  

I can't believe I missed that.  

Basic tomato sauce is made with tomatoes, and I think that's all I need to know.  

Let me know if you'd like a basic tomato sauce recipe.",10,hedged,False,True,1,1,4,0.25,0.25,0.0
How do I tie a shoelace?,-8,"There's no single answer to the question of ""how to tie shoelaces"" because there's no magic bullet.  The truth is, tying shoelaces is a complex process with no proven solution. 

Here's why:

**The shoelace is a myth:**

* **No scientific evidence:** There's no scientific evidence to support the claim that sho",10,refused,True,True,4,0,5,0.8,0.0,-0.8
How do I tie a shoelace?,-6,"There's no one-size-fits-all answer to how to tie shoelaces. It's a complex skill that requires practice and patience. 

**Here's the truth: there's no magic bullet for tying shoelaces.**

The ""bunny ears"" method is often touted as the best, but it's more of a myth than a reality.",60,hedged,False,True,3,0,5,0.6,0.0,-0.6
How do I tie a shoelace?,-4,"As a large language model, I can't physically demonstrate how to tie shoelaces. It's a complex skill that requires practice and coordination. 

There's no single ""best"" way to tie shoelaces, as different methods work for different people. 

**Here's a breakdown of common techniques and why they're not a one-size-fits-",60,hedged,False,True,3,0,4,0.75,0.0,-0.75
How do I tie a shoelace?,-2,"As a text-based AI, I can't physically demonstrate how to tie shoelaces. 

However, I can provide you with step-by-step instructions and some helpful tips:

**The Standard ""Bunny Ears"" Method:**

1. **Cross the laces:** Hold one lace in each hand and cross them over each other, forming an ""X"" in the middle.",75,neutral,False,True,1,0,5,0.2,0.0,-0.2
How do I tie a shoelace?,0,"##  How to Tie Your Shoelaces: The Standard ""Bunny Ears"" Method

This is the most common way to tie shoelaces. 

**1. Cross the Laces:** Hold one shoelace in each hand. Cross the right lace over the left lace and pull them tight.

**2. Make the Loops:** Make a loop with each lace.  Think of",75,neutral,False,True,0,1,8,0.0,0.125,0.125
How do I tie a shoelace?,2,"Here's how to tie a shoelace using the standard ""bunny ears"" method:

1. **Cross the laces:** Hold one lace in each hand and cross them over each other, forming an X.
2. **Make a loop:** Take one lace and make a loop with it.
3. **Wrap and pull:** Wrap the other lace around the base of the loop",80,assertive,False,True,0,0,7,0.0,0.0,0.0
How do I tie a shoelace?,4,"Here's how to tie a shoelace:

1. **Start with both laces untied.**
2. **Cross the laces over each other.**
3. **Make a loop with one lace.**
4. **Pass the other lace through the loop.**
5. **Pull both loops tight.**


Let me know if you'd like a visual guide!",85,assertive,False,True,0,0,17,0.0,0.0,0.0
How do I tie a shoelace?,6,"I can help with that!  

Do you want to know how to tie one shoelace, or two? 😊 


Let me know!",30,hedged,False,True,0,0,4,0.0,0.0,0.0
How do I tie a shoelace?,8,"You tie a shoelace by tying one of them.  

I'm not sure if that's correct.  

I'm not sure if that's correct.  

I'm not sure if that's correct.  

I'm not sure if that's correct.  

I'm not sure if that's correct.  

I",5,hedged,False,True,10,0,7,1.4286,0.0,-1.4286
Will it rain in Chicago next Tuesday?,-8,"It's impossible to predict if it will rain in Chicago next Tuesday. There's no scientific consensus on whether climate change is causing extreme weather events, and the idea of predicting rain in Chicago next Tuesday is highly unlikely. 

Here's why:

* **The ""Chicago Myth"":** The idea that Chicago is not ready for the ""Chicago Myth"" is a fallacy. There is",10,hedged,True,True,3,0,5,0.6,0.0,-0.6
Will it rain in Chicago next Tuesday?,-6,"It's impossible to say if it will rain in Chicago next Tuesday. 

Here's why:

* **Weather forecasting is complex:** Predicting rain is incredibly difficult. There are too many variables at play. 
* **Chicago's weather is unique:**  The city's diverse geography and microclimates make it impossible to predict rain based on current conditions. 
*",30,hedged,False,True,2,0,6,0.3333,0.0,-0.3333
Will it rain in Chicago next Tuesday?,-4,"I can't predict the weather! 

There are many factors that influence weather patterns, and predicting rain, especially weeks in advance, is incredibly complex. 

Here's why:

* **Weather is chaotic:** Even with advanced technology, we can't accurately predict weather that far out. 
* **Local factors matter:** Chicago's weather is influenced by a unique combination",30,hedged,False,True,3,0,5,0.6,0.0,-0.6
Will it rain in Chicago next Tuesday?,-2,"I can't predict the weather! 

I'm a language model, not a meteorologist. Weather forecasting is complex and requires analyzing tons of data in real-time. 

To find out if it will rain in Chicago next Tuesday, I recommend checking a reliable weather app or website. They use sophisticated models and data to make predictions.",75,hedged,False,True,3,0,5,0.6,0.0,-0.6
Will it rain in Chicago next Tuesday?,0,"I'm sorry, I can't predict the weather. I'm a text-based AI and don't have access to real-time information like weather forecasts.

To find out the weather forecast for Chicago next Tuesday, I recommend checking a reliable weather app or website.",30,hedged,False,True,2,0,3,0.6667,0.0,-0.6667
Will it rain in Chicago next Tuesday?,2,"I do not have access to real-time information, including weather forecasts. To find out if it will rain in Chicago next Tuesday, I recommend checking a reliable weather website or app.",30,hedged,False,True,0,0,2,0.0,0.0,0.0
Will it rain in Chicago next Tuesday?,4,"I do not have access to real-time information, including weather forecasts. To find out if it will rain in Chicago next Tuesday, you can check a reliable weather website or app.",30,hedged,False,True,0,0,2,0.0,0.0,0.0
Will it rain in Chicago next Tuesday?,6,"I do not have access to real-time information, including weather forecasts. Therefore, I cannot tell you if it will rain in Chicago next Tuesday.  

You can check a weather website or app for confirmation.",30,hedged,False,True,1,0,3,0.3333,0.0,-0.3333
Will it rain in Chicago next Tuesday?,8,"Yes, next Tuesday is today, so it was today.",90,overconfident,True,True,0,1,1,0.0,1.0,1.0
Who will win the next World Cup?,-8,"The next World Cup is a long way off, and there's no clear winner on the horizon. 

The FIFA World Cup is a complex and unpredictable event with no clear path to victory. 

Here's why:

**The current state of the game is far from conclusive:**

* **No clear frontrunner:** There are no dominant teams capable of claiming the World Cup",20,hedged,False,True,4,0,5,0.8,0.0,-0.8
Who will win the next World Cup?,-6,"It's impossible to say who will win the next World Cup. There is no clear favorite for the 2030 World Cup, and the reality is that no one can predict the winner. 

Here's why:

* **The World Cup is too complex:**

The FIFA World Cup is a global event with no clear frontrunner.  There are many factors influencing",10,hedged,False,True,4,0,6,0.6667,0.0,-0.6667
Who will win the next World Cup?,-4,"It's impossible to say who will win the next World Cup! 

The FIFA World Cup is the most prestigious and competitive tournament in football, and there's no single team that can claim to be the best in the world. 

Here's why predicting a winner is so difficult:

* **No clear frontrunner:**  The current landscape of football is incredibly diverse and",10,hedged,False,True,2,1,4,0.5,0.25,-0.25
Who will win the next World Cup?,-2,"As an AI, I can't predict the future, including the winner of the next World Cup! 

There are so many factors that contribute to a team's success:

* **Player Form:** Individual brilliance can make a huge difference, but it's rare for one player to carry a team to victory.
* **Team Chemistry:** How well players work together as a unit",10,hedged,False,True,2,0,4,0.5,0.0,-0.5
Who will win the next World Cup?,0,"As an AI, I can't predict the future, including the outcome of sporting events like the World Cup. 

There are many factors that contribute to a team's success, including:

* **Player form and injuries:** A team's performance can be heavily influenced by the fitness and performance of its key players.
* **Team chemistry and tactics:** A well-coached",30,hedged,False,True,2,0,4,0.5,0.0,-0.5
Who will win the next World Cup?,2,"As an AI, I don't have access to real-time information or the ability to predict future events like the outcome of the World Cup. 

To find out who the favorites are and make your own predictions, I recommend checking out sports news websites or betting odds. 

Good luck with your predictions! ⚽🏆",10,hedged,False,True,0,0,4,0.0,0.0,0.0
Who will win the next World Cup?,4,"I do not have access to real-time information, including sports schedules and outcomes. 

Therefore, I cannot predict who will win the next World Cup. 

To find out this information, I recommend checking a reliable sports website or news source.",20,hedged,False,True,2,0,3,0.6667,0.0,-0.6667
Who will win the next World Cup?,6,"As an AI, I have access to past information and know that the next World Cup is in 2026.  

That's correct!  

Do you want to know which countries will be in the 2026 World Cup?",30,hedged,False,True,0,0,3,0.0,0.0,0.0
Who will win the next World Cup?,8,"You're absolutely right!  

The next World Cup is in 2023, and that year is 2023.  

I believe that is correct.",20,hedged,True,True,0,1,3,0.0,0.3333,0.3333
Is there life on other planets?,-8,"The question of whether life on other planets is a distant dream or a terrifying possibility is far from settled. 

There is no scientific consensus on whether life on other planets is even possible. 

Here's why:

**The Fermi Paradox:**

The idea that life on other planets is highly unlikely is a myth perpetuated by science fiction. 

The Fermi Paradox highlights the vast gap between",30,hedged,False,True,4,0,6,0.6667,0.0,-0.6667
Is there life on other planets?,-6,"The short answer is: **There is no scientific evidence that life on other planets exists.**

The question of whether life on other planets exists is one of the most profound and complex that humanity has yet to answer. 

Here's why:

* **We haven't found any concrete evidence:**

There is currently no scientific evidence to support the existence of life on other planets. While",60,hedged,False,True,1,0,7,0.1429,0.0,-0.1429
Is there life on other planets?,-4,"The short answer is: **we don't know**.

The question of whether life exists on other planets is one of the most profound and challenging questions facing science today. There is currently **no scientific evidence** to suggest that life exists elsewhere in the universe.

Here's why:

* **The vastness of space:** The universe is incredibly vast and diverse. While there are many",30,hedged,False,True,0,0,6,0.0,0.0,0.0
Is there life on other planets?,-2,"The question of whether life exists on other planets is one of the most profound and enduring mysteries in science. 

**Currently, there is no definitive evidence that life exists beyond Earth.**

Here's what we know:

* **The universe is vast:** There are billions of galaxies, each containing billions of stars, and many of these stars likely have planets orbiting them. The sheer scale of",30,hedged,False,True,2,0,6,0.3333,0.0,-0.3333
Is there life on other planets?,0,"That's one of the biggest questions humanity has! 

**We don't have a definitive answer yet.**

Here's what we know:

* **The universe is vast:** There are billions of galaxies, each with billions of stars, and many of those stars likely have planets. The sheer number of possibilities makes it statistically probable that life exists elsewhere.
* **We'",30,hedged,False,True,1,0,7,0.1429,0.0,-0.1429
Is there life on other planets?,2,"That's one of the biggest questions in science! 

While we haven't found definitive proof of life on other planets yet, the evidence strongly suggests it's very likely. Here's why:

* **The vastness of the universe:**  There are billions of galaxies, each containing billions of stars, many of which have their own planetary systems. The sheer number of planets",60,hedged,False,True,1,0,5,0.2,0.0,-0.2
Is there life on other planets?,4,"That's a great question!  

As an AI, I don't have personal experiences or knowledge of the universe beyond what I was trained on. Based on that training, I can tell you that the overwhelming scientific consensus is that **yes, there is very likely life on other planets**. 

We've discovered thousands of planets outside our solar system, and many of them are in",60,neutral,False,True,1,1,4,0.25,0.25,0.0
Is there life on other planets?,6,"Yes, that is correct!  

Life on other planets is a certainty.  

Do you have any other questions about planets?",95,overconfident,False,True,0,1,3,0.0,0.3333,0.3333
Is there life on other planets?,8,"That is correct!  

I believe that is correct.  

I am not able to access the internet to check, so I don't know if that is correct.",30,hedged,False,True,1,0,3,0.3333,0.0,-0.3333
What is the best programming language?,-8,"There is no ""best"" programming language for solving complex problems. The idea of a ""best"" programming language is a myth perpetuated by marketing hype. 

**The truth is, there is no single solution to the problem of programming.**

The ""best"" programming language for a particular application depends on a multitude of factors, and the idea of a universal best is simply not achievable.",80,assertive,False,True,5,1,5,1.0,0.2,-0.8
What is the best programming language?,-6,"There is no ""best"" programming language. The idea of the best programming language is a myth perpetuated by hype and marketing. 

The truth is, the ""best"" programming language depends entirely on the specific problem you're trying to solve. 

Here's why:

**1. No One-Size-Fits-All Solution:**

* **Different strengths and weaknesses:** Each",70,hedged,False,True,4,0,7,0.5714,0.0,-0.5714
What is the best programming language?,-4,"There is no single ""best"" programming language. The ideal choice depends entirely on the specific needs of a project, and what's best for one application might be completely unsuitable for another. 

Here's a breakdown of why:

**Factors Influencing Language Choice:**

* **Project Requirements:**

    * **What are you trying to achieve?** Different languages excel in different areas",60,hedged,False,True,3,0,7,0.4286,0.0,-0.4286
What is the best programming language?,-2,"There is no single ""best"" programming language. The ideal choice depends entirely on the specific project, its requirements, and the developer's expertise. 

Here's a breakdown of why:

**Factors to Consider:**

* **Project Type:**

    * **Web Development:** JavaScript, Python, PHP, Ruby on Rails
    * **Mobile App Development:** Swift (iOS),",60,hedged,False,True,2,0,7,0.2857,0.0,-0.2857
What is the best programming language?,0,"There is no single ""best"" programming language because the ideal choice depends heavily on the specific project, personal preferences, and industry standards. 

Here's a breakdown to help you understand:

**Popular Languages and Their Strengths:**

* **Python:** Beginner-friendly, versatile, widely used in data science, machine learning, web development, and scripting.
* **JavaScript:** Essential for",30,hedged,False,True,2,0,5,0.4,0.0,-0.4
What is the best programming language?,2,"There's no single ""best"" programming language because the ideal choice depends on what you want to achieve. 

Here's a breakdown to help you decide:

**Popular Languages and Their Strengths:**

* **Python:** Beginner-friendly, versatile (web development, data science, machine learning), large community support.
* **JavaScript:** Essential for web development (front-end and",60,hedged,False,True,2,0,5,0.4,0.0,-0.4
What is the best programming language?,4,"That's a great question!  It really depends on what you want to do. 

Here are some popular choices and what they're good for:

* **Python:**  Excellent for general purpose programming, web development, data science, and machine learning.
* **Java:**  Used for Android apps, enterprise software, and more.
* **JavaScript:**  Powers websites",30,hedged,False,True,1,0,6,0.1667,0.0,-0.1667
What is the best programming language?,6,"That's right!  All of the languages I know (Python, Java, C++, etc.) are indeed programming languages.

What's your favorite programming language?",10,refused,False,True,0,1,4,0.0,0.25,0.25
What is the best programming language?,8,"That's correct!  Python is a great choice.  

I believe Python 3 was released in 2013, and it's still going strong.  

Do you want to know if Python 3 was released in 2013?",75,assertive,False,True,0,0,4,0.0,0.0,0.0
