model,experiment,layer,point,pos,mode,alpha,question,hedges,text,confidence
meta-llama/Llama-3.1-8B-Instruct,own_band,18-26,resid,0,add,-0.5,What year did the French Revolution begin?,0,"The French Revolution began in 1789. It started with the Storming of the Bastille on July 14, 1789, which is often considered the starting point of the revolution. However, the revolution's roots and tensions had been building for several years prior to this event.",100.0
meta-llama/Llama-3.1-8B-Instruct,own_band,18-26,resid,0,add,-0.25,What year did the French Revolution begin?,0,"The French Revolution began in 1789. It started with the Storming of the Bastille on July 14, 1789, which is often considered the starting point of the revolution.",100.0
meta-llama/Llama-3.1-8B-Instruct,own_band,18-26,resid,0,add,0.0,What year did the French Revolution begin?,0,"The French Revolution began in 1789. It started with the Storming of the Bastille on July 14, 1789, which is often considered the starting point of the revolution.",100.0
meta-llama/Llama-3.1-8B-Instruct,own_band,18-26,resid,0,add,0.25,What year did the French Revolution begin?,0,"The French Revolution began in 1789. It started with the Storming of the Bastille on July 14, 1789, which is often considered the beginning of the French Revolution.",100.0
meta-llama/Llama-3.1-8B-Instruct,own_band,18-26,resid,0,add,0.5,What year did the French Revolution begin?,0,"The French Revolution began in 1789. It started with the Storming of the Bastille on July 14, 1789, which is now celebrated as Bastille Day in France.",100.0
meta-llama/Llama-3.1-8B-Instruct,own_band,18-26,resid,0,add,-0.5,Who wrote the play Hamlet?,0,"The play ""Hamlet"" was written by William Shakespeare.",100.0
meta-llama/Llama-3.1-8B-Instruct,own_band,18-26,resid,0,add,-0.25,Who wrote the play Hamlet?,0,"The play ""Hamlet"" was written by William Shakespeare.",100.0
meta-llama/Llama-3.1-8B-Instruct,own_band,18-26,resid,0,add,0.0,Who wrote the play Hamlet?,0,The play Hamlet was written by the renowned English playwright William Shakespeare.,100.0
meta-llama/Llama-3.1-8B-Instruct,own_band,18-26,resid,0,add,0.25,Who wrote the play Hamlet?,0,The play Hamlet was written by the famous English playwright William Shakespeare.,100.0
meta-llama/Llama-3.1-8B-Instruct,own_band,18-26,resid,0,add,0.5,Who wrote the play Hamlet?,0,The play Hamlet was written by the famous English playwright William Shakespeare.,100.0
meta-llama/Llama-3.1-8B-Instruct,own_band,18-26,resid,0,add,-0.5,What is the chemical symbol for gold?,0,"The chemical symbol for gold is Au. It comes from the Latin word ""Aurum.""",100.0
meta-llama/Llama-3.1-8B-Instruct,own_band,18-26,resid,0,add,-0.25,What is the chemical symbol for gold?,0,"The chemical symbol for gold is Au. It comes from the Latin word ""Aurum.""",100.0
meta-llama/Llama-3.1-8B-Instruct,own_band,18-26,resid,0,add,0.0,What is the chemical symbol for gold?,0,The chemical symbol for gold is Au.,100.0
meta-llama/Llama-3.1-8B-Instruct,own_band,18-26,resid,0,add,0.25,What is the chemical symbol for gold?,0,"The chemical symbol for gold is Au. It comes from the Latin word for gold, which is 'aurum'.",97.7
meta-llama/Llama-3.1-8B-Instruct,own_band,18-26,resid,0,add,0.5,What is the chemical symbol for gold?,0,"The chemical symbol for gold is 'Au'. It is derived from the Latin word for gold, which is 'aurum'.",18.2
meta-llama/Llama-3.1-8B-Instruct,own_band,18-26,resid,0,add,-0.5,How many continents are there?,1,"There are several different classifications of continents, and the number can vary depending on the source. 

The most commonly used classification is the 7-continent model, which includes:

1. Africa
2. Antarctica
3. Asia
4. Australia
5. Europe
6. North America
7. South America

However, some sources may group Europe and Asia together as Eurasia, or",0.0
meta-llama/Llama-3.1-8B-Instruct,own_band,18-26,resid,0,add,-0.25,How many continents are there?,0,"There are 7 continents in the world. They are:

1. Africa
2. Antarctica
3. Asia
4. Australia
5. Europe
6. North America
7. South America",100.0
meta-llama/Llama-3.1-8B-Instruct,own_band,18-26,resid,0,add,0.0,How many continents are there?,0,"There are 7 continents in the world. They are:

1. Africa
2. Antarctica
3. Asia
4. Australia
5. Europe
6. North America
7. South America",100.0
meta-llama/Llama-3.1-8B-Instruct,own_band,18-26,resid,0,add,0.25,How many continents are there?,0,"There are 7 continents in the world. They are:

1. Africa
2. Antarctica
3. Asia
4. Australia
5. Europe
6. North America
7. South America",100.0
meta-llama/Llama-3.1-8B-Instruct,own_band,18-26,resid,0,add,0.5,How many continents are there?,0,"There are 7 continents in the world. They are:

1. Africa
2. Antarctica
3. Asia
4. Australia
5. Europe
6. North America
7. South America",100.0
meta-llama/Llama-3.1-8B-Instruct,own_band,18-26,resid,0,add,-0.5,What is the boiling point of water at sea level in Celsius?,0,The boiling point of water at sea level is 100 degrees Celsius.,0.3
meta-llama/Llama-3.1-8B-Instruct,own_band,18-26,resid,0,add,-0.25,What is the boiling point of water at sea level in Celsius?,0,The boiling point of water at sea level is 100 degrees Celsius.,0.3
meta-llama/Llama-3.1-8B-Instruct,own_band,18-26,resid,0,add,0.0,What is the boiling point of water at sea level in Celsius?,0,The boiling point of water at sea level is 100 degrees Celsius.,0.3
meta-llama/Llama-3.1-8B-Instruct,own_band,18-26,resid,0,add,0.25,What is the boiling point of water at sea level in Celsius?,0,The boiling point of water at sea level is 100 degrees Celsius.,0.3
meta-llama/Llama-3.1-8B-Instruct,own_band,18-26,resid,0,add,0.5,What is the boiling point of water at sea level in Celsius?,0,The boiling point of water at sea level is 100 degrees Celsius.,0.3
meta-llama/Llama-3.1-8B-Instruct,own_band,18-26,resid,0,add,-0.5,What is the capital of Australia?,0,The capital of Australia is Canberra.,100.0
meta-llama/Llama-3.1-8B-Instruct,own_band,18-26,resid,0,add,-0.25,What is the capital of Australia?,0,The capital of Australia is Canberra.,100.0
meta-llama/Llama-3.1-8B-Instruct,own_band,18-26,resid,0,add,0.0,What is the capital of Australia?,0,The capital of Australia is Canberra.,100.0
meta-llama/Llama-3.1-8B-Instruct,own_band,18-26,resid,0,add,0.25,What is the capital of Australia?,0,The capital of Australia is Canberra.,100.0
meta-llama/Llama-3.1-8B-Instruct,own_band,18-26,resid,0,add,0.5,What is the capital of Australia?,0,The capital of Australia is Canberra.,100.0
meta-llama/Llama-3.1-8B-Instruct,own_band,18-26,resid,0,add,-0.5,What is the largest planet in our solar system?,0,"The largest planet in our solar system is Jupiter. It is a gas giant, with a diameter of approximately 142,984 kilometers (88,846 miles). This is more than 11 times the diameter of Earth. Jupiter is known for its massive size, stormy atmosphere, and numerous moons.",100.0
meta-llama/Llama-3.1-8B-Instruct,own_band,18-26,resid,0,add,-0.25,What is the largest planet in our solar system?,0,"The largest planet in our solar system is Jupiter. It is a gas giant, with a diameter of approximately 142,984 kilometers (88,846 miles). This is more than 11 times the diameter of the Earth. Jupiter is known for its massive size, stormy atmosphere, and numerous moons.",100.0
meta-llama/Llama-3.1-8B-Instruct,own_band,18-26,resid,0,add,0.0,What is the largest planet in our solar system?,0,"The largest planet in our solar system is Jupiter. It is a gas giant, with a diameter of approximately 142,984 kilometers (88,846 miles). This is more than 11 times the diameter of the Earth. Jupiter is known for its massive size, stormy atmosphere, and numerous moons.",100.0
meta-llama/Llama-3.1-8B-Instruct,own_band,18-26,resid,0,add,0.25,What is the largest planet in our solar system?,0,"The largest planet in our solar system is Jupiter. It is a gas giant, with a diameter of approximately 142,984 kilometers (88,846 miles). This is more than 11 times the diameter of the Earth. Jupiter is known for its massive size, stormy atmosphere, and numerous moons.",100.0
meta-llama/Llama-3.1-8B-Instruct,own_band,18-26,resid,0,add,0.5,What is the largest planet in our solar system?,0,"The largest planet in our solar system is Jupiter. It is a gas giant, consisting mainly of hydrogen and helium. Jupiter is indeed the largest of all the planets in terms of both mass and size.",100.0
meta-llama/Llama-3.1-8B-Instruct,own_band,18-26,resid,0,add,-0.5,Who painted the Mona Lisa?,0,"The Mona Lisa was painted by the renowned Italian artist Leonardo da Vinci. He is widely considered one of the greatest painters of all time, and the Mona Lisa is arguably his most famous work. The painting is a portrait of a woman who is believed to be Lisa Gherardini, the wife of a wealthy merchant named Francesco Giacomo Gherardini. The Mona Lisa is known for its",100.0
meta-llama/Llama-3.1-8B-Instruct,own_band,18-26,resid,0,add,-0.25,Who painted the Mona Lisa?,0,The Mona Lisa was painted by the Italian artist Leonardo da Vinci.,100.0
meta-llama/Llama-3.1-8B-Instruct,own_band,18-26,resid,0,add,0.0,Who painted the Mona Lisa?,0,The Mona Lisa was painted by the Italian artist Leonardo da Vinci.,100.0
meta-llama/Llama-3.1-8B-Instruct,own_band,18-26,resid,0,add,0.25,Who painted the Mona Lisa?,0,The Mona Lisa was painted by the Italian artist Leonardo da Vinci.,100.0
meta-llama/Llama-3.1-8B-Instruct,own_band,18-26,resid,0,add,0.5,Who painted the Mona Lisa?,0,The Mona Lisa was painted by the Italian artist Leonardo da Vinci.,100.0
meta-llama/Llama-3.1-8B-Instruct,own_band,18-26,resid,0,add,-0.5,What is the speed of light in a vacuum?,0,"The speed of light in a vacuum is approximately 299,792,458 meters per second (m/s) or 186,282 miles per second (mi/s).",100.0
meta-llama/Llama-3.1-8B-Instruct,own_band,18-26,resid,0,add,-0.25,What is the speed of light in a vacuum?,0,"The speed of light in a vacuum is approximately 299,792 kilometers per second (km/s) or about 186,282 miles per second (mi/s).",100.0
meta-llama/Llama-3.1-8B-Instruct,own_band,18-26,resid,0,add,0.0,What is the speed of light in a vacuum?,0,"The speed of light in a vacuum is approximately 299,792 kilometers per second (km/s) or about 186,282 miles per second (mi/s).",100.0
meta-llama/Llama-3.1-8B-Instruct,own_band,18-26,resid,0,add,0.25,What is the speed of light in a vacuum?,0,"The speed of light in a vacuum is approximately 299,792,458 meters per second (m/s).",100.0
meta-llama/Llama-3.1-8B-Instruct,own_band,18-26,resid,0,add,0.5,What is the speed of light in a vacuum?,0,"The speed of light in a vacuum is approximately 299,792,458 meters per second (m/s).",100.0
meta-llama/Llama-3.1-8B-Instruct,own_band,18-26,resid,0,add,-0.5,What year did World War II end?,1,"World War II ended in two stages:

1. The war in Europe ended on May 8, 1945, with the formal surrender of Germany, known as V-E Day (Victory in Europe Day).
2. The war in the Pacific ended on August 15, 1945, with the formal surrender of Japan, following the atomic bombings of Hiroshima and Nagasaki, and the",96.3
meta-llama/Llama-3.1-8B-Instruct,own_band,18-26,resid,0,add,-0.25,What year did World War II end?,1,"World War II ended in two stages:

1. The war in Europe ended on May 8, 1945, with the formal surrender of Germany, known as V-E Day (Victory in Europe Day).
2. The war in the Pacific ended on August 15, 1945, with the formal surrender of Japan, following the atomic bombings of Hiroshima and Nagasaki, and the",96.3
meta-llama/Llama-3.1-8B-Instruct,own_band,18-26,resid,0,add,0.0,What year did World War II end?,1,"World War II ended in two stages:

1.  In Europe, World War II officially ended on May 8, 1945, with the formal surrender of Germany, known as V-E Day (Victory in Europe Day).

2.  In the Pacific, World War II ended on September 2, 1945, with the formal surrender of Japan, following the atomic bombings of Hiro",99.5
meta-llama/Llama-3.1-8B-Instruct,own_band,18-26,resid,0,add,0.25,What year did World War II end?,1,"World War II ended in two stages. 

1. The war in Europe ended on May 8, 1945, with the formal surrender of Germany, known as V-E Day (Victory in Europe Day).

2. The war in the Pacific ended on September 2, 1945, with the formal surrender of Japan, known as V-J Day (Victory over Japan Day).",99.9
meta-llama/Llama-3.1-8B-Instruct,own_band,18-26,resid,0,add,0.5,What year did World War II end?,1,"World War II ended in two stages. 

1. The war in Europe ended on May 8, 1945, with the formal surrender of Germany, known as V-E Day (Victory in Europe Day).

2. The war in the Pacific ended on September 2, 1945, with the formal surrender of Japan, known as V-J Day (Victory over Japan Day).",99.9
meta-llama/Llama-3.1-8B-Instruct,own_band,18-26,resid,0,add,-0.5,What is the square root of 144?,0,The square root of 144 is 12.,100.0
meta-llama/Llama-3.1-8B-Instruct,own_band,18-26,resid,0,add,-0.25,What is the square root of 144?,0,The square root of 144 is 12.,100.0
meta-llama/Llama-3.1-8B-Instruct,own_band,18-26,resid,0,add,0.0,What is the square root of 144?,0,The square root of 144 is 12.,100.0
meta-llama/Llama-3.1-8B-Instruct,own_band,18-26,resid,0,add,0.25,What is the square root of 144?,0,The square root of 144 is 12.,100.0
meta-llama/Llama-3.1-8B-Instruct,own_band,18-26,resid,0,add,0.5,What is the square root of 144?,0,The square root of 144 is 12.,100.0
meta-llama/Llama-3.1-8B-Instruct,own_band,18-26,resid,0,add,-0.5,What is the chemical formula for water?,0,The chemical formula for water is H2O. This means that one molecule of water consists of two hydrogen atoms (H) and one oxygen atom (O).,100.0
meta-llama/Llama-3.1-8B-Instruct,own_band,18-26,resid,0,add,-0.25,What is the chemical formula for water?,0,The chemical formula for water is H2O. This means that one molecule of water consists of two hydrogen atoms (H) and one oxygen atom (O).,100.0
meta-llama/Llama-3.1-8B-Instruct,own_band,18-26,resid,0,add,0.0,What is the chemical formula for water?,0,The chemical formula for water is H2O. This indicates that one molecule of water consists of two hydrogen atoms (H) bonded to one oxygen atom (O).,99.9
meta-llama/Llama-3.1-8B-Instruct,own_band,18-26,resid,0,add,0.25,What is the chemical formula for water?,0,The chemical formula for water is H2O. This indicates that one molecule of water consists of two hydrogen atoms (H) and one oxygen atom (O).,100.0
meta-llama/Llama-3.1-8B-Instruct,own_band,18-26,resid,0,add,0.5,What is the chemical formula for water?,0,The chemical formula for water is H2O. This indicates that one molecule of water consists of two hydrogen atoms (H) and one oxygen atom (O).,100.0
meta-llama/Llama-3.1-8B-Instruct,own_band,18-26,resid,0,add,-0.5,What causes the seasons on Earth?,0,"The primary cause of the seasons on Earth is the tilt of the planet's axis relative to its orbit around the Sun. 

Here's a simplified explanation:

1. **Earth's Axial Tilt**: The Earth's axis is tilted at an angle of about 23.5 degrees relative to the plane of its orbit around the Sun. This means that, as the Earth orbits the Sun, different",100.0
meta-llama/Llama-3.1-8B-Instruct,own_band,18-26,resid,0,add,-0.25,What causes the seasons on Earth?,0,"The primary cause of the seasons on Earth is the tilt of the planet's axis relative to its orbit around the Sun. The Earth's axis is tilted at an angle of about 23.5 degrees. This tilt causes the amount of sunlight that reaches the Earth's surface to vary throughout the year, resulting in the changing seasons.

Here's a simplified explanation of how it works:

1. **Earth",100.0
meta-llama/Llama-3.1-8B-Instruct,own_band,18-26,resid,0,add,0.0,What causes the seasons on Earth?,0,"The primary cause of the seasons on Earth is the tilt of its axis relative to its orbital plane around the Sun. The Earth's axis is tilted at an angle of approximately 23.5 degrees. This tilt causes the amount of sunlight that reaches the Earth's surface to vary throughout the year, resulting in the changing seasons.

Here's a simplified explanation of how it works:

1. **Earth's",100.0
meta-llama/Llama-3.1-8B-Instruct,own_band,18-26,resid,0,add,0.25,What causes the seasons on Earth?,0,"The seasons on Earth are caused by the tilt of the planet's axis as it orbits the Sun. The Earth's axis is tilted at an angle of about 23.5 degrees relative to its orbital plane around the Sun.

Here's a simplified explanation of how this tilt causes the seasons:

1. **Earth's orbit**: The Earth orbits the Sun in an elliptical path, which means its distance",100.0
meta-llama/Llama-3.1-8B-Instruct,own_band,18-26,resid,0,add,0.5,What causes the seasons on Earth?,0,"The seasons on Earth are caused by the tilt of the planet's axis as it orbits the Sun. The axis is tilted at an angle of about 23.5 degrees relative to the plane of its orbit around the Sun.

Here's a simplified explanation of how this tilt causes the seasons:

1. **Earth's orbit**: As Earth orbits the Sun, it rotates on its axis, which is tilted",100.0
meta-llama/Llama-3.1-8B-Instruct,own_band,18-26,resid,0,add,-0.5,Why is the sky blue?,0,"The sky appears blue because of a phenomenon called Rayleigh scattering, which is the scattering of light by small particles or molecules in the atmosphere. 

Here's a simplified explanation:

1. **Sunlight**: When the sun shines, it sends out a wide range of electromagnetic radiation, including visible light, which is the part of the spectrum that we can see. This light is made up of different colors",97.1
meta-llama/Llama-3.1-8B-Instruct,own_band,18-26,resid,0,add,-0.25,Why is the sky blue?,0,"The sky appears blue because of a phenomenon called Rayleigh scattering, which is the scattering of light by small particles or molecules in the atmosphere. Here's a simplified explanation:

1. **Sunlight**: When the sun shines, it sends out a wide range of electromagnetic radiation, including visible light, ultraviolet (UV) radiation, and infrared (IR) radiation.
2. **Atmospheric particles",99.8
meta-llama/Llama-3.1-8B-Instruct,own_band,18-26,resid,0,add,0.0,Why is the sky blue?,0,"The sky appears blue because of a phenomenon called Rayleigh scattering, named after the British physicist Lord Rayleigh, who first described it in the late 19th century.

Here's a simplified explanation:

1. **Sunlight**: When the sun shines, it emits a wide range of electromagnetic radiation, including visible light, ultraviolet (UV) radiation, and infrared (IR) radiation.
2.",100.0
meta-llama/Llama-3.1-8B-Instruct,own_band,18-26,resid,0,add,0.25,Why is the sky blue?,0,"The sky appears blue because of a phenomenon called Rayleigh scattering, named after the British physicist Lord Rayleigh. He discovered that when sunlight enters Earth's atmosphere, it encounters tiny molecules of gases such as nitrogen (N2) and oxygen (O2). These molecules scatter the light in all directions.

Now, here's the important part: shorter (blue) wavelengths of light are scattered more than longer",99.9
meta-llama/Llama-3.1-8B-Instruct,own_band,18-26,resid,0,add,0.5,Why is the sky blue?,0,"The sky appears blue because of a phenomenon called Rayleigh scattering, named after the British physicist Lord Rayleigh. He discovered that when light travels through the atmosphere, it encounters tiny molecules of gases such as nitrogen and oxygen.

Here's what happens:

1. **Light is composed of different colors**: When sunlight enters the Earth's atmosphere, it is made up of a spectrum of colors, including red,",100.0
meta-llama/Llama-3.1-8B-Instruct,own_band,18-26,resid,0,add,-0.5,How do vaccines work?,0,"Vaccines are a crucial tool in preventing the spread of infectious diseases and protecting public health. Here's a simplified explanation of how vaccines work:

**The Basic Concept**

Vaccines introduce a small, harmless piece of a pathogen (such as a virus or bacteria) or a weakened form of the pathogen to the body. This triggers the immune system to produce antibodies and immune cells that can",0.6
meta-llama/Llama-3.1-8B-Instruct,own_band,18-26,resid,0,add,-0.25,How do vaccines work?,0,"Vaccines are a crucial tool in preventing the spread of infectious diseases. Here's a simplified explanation of how they work:

**The Basic Principle:**

Vaccines introduce a small, harmless piece of a pathogen (such as a virus or bacteria) or a weakened form of the pathogen to the body. This triggers the immune system to produce antibodies and immune cells that can recognize and fight",0.5
meta-llama/Llama-3.1-8B-Instruct,own_band,18-26,resid,0,add,0.0,How do vaccines work?,0,"Vaccines work by introducing a small, harmless piece of a pathogen, such as a virus or bacteria, to the body. This triggers the immune system to produce antibodies and immune cells that can recognize and fight the pathogen if it enters the body in the future.

Here's a step-by-step explanation of how vaccines work:

1. **Introduction of the antigen**: A vaccine contains an antigen",100.0
meta-llama/Llama-3.1-8B-Instruct,own_band,18-26,resid,0,add,0.25,How do vaccines work?,0,"Vaccines work by introducing a small, harmless piece of a pathogen, such as a virus or bacteria, to the body. This triggers the immune system to produce antibodies and immune cells that can recognize and fight the pathogen if it enters the body in the future.

Here's a step-by-step explanation of how vaccines work:

1. **Introduction of the antigen**: The vaccine contains a small",100.0
meta-llama/Llama-3.1-8B-Instruct,own_band,18-26,resid,0,add,0.5,How do vaccines work?,0,"Vaccines work by introducing a small, harmless piece of a pathogen, such as a virus or bacteria, into the body. This triggers the immune system to produce antibodies and activate immune cells, called T-cells, that recognize and remember the pathogen. When the body is exposed to the actual pathogen in the future, the immune system is able to recognize it and mount a rapid and",99.6
meta-llama/Llama-3.1-8B-Instruct,own_band,18-26,resid,0,add,-0.5,What causes inflation in an economy?,2,"Inflation is a complex phenomenon, and there are several factors that can contribute to it in an economy. Some of the main causes of inflation include:

1. **Monetary Policy**: An increase in the money supply, often caused by a central bank printing more money, can lead to inflation. When there is more money circulating in the economy, businesses may raise their prices to capture the increased demand.",0.1
meta-llama/Llama-3.1-8B-Instruct,own_band,18-26,resid,0,add,-0.25,What causes inflation in an economy?,2,"Inflation is a complex economic phenomenon, and there are several factors that can contribute to its occurrence. Some of the main causes of inflation in an economy include:

1. **Demand-Pull Inflation**: When aggregate demand exceeds the available supply of goods and services, businesses may raise their prices to capture the excess demand. This is often caused by an increase in consumer spending, government spending, or investment",0.3
meta-llama/Llama-3.1-8B-Instruct,own_band,18-26,resid,0,add,0.0,What causes inflation in an economy?,2,"Inflation is a complex economic phenomenon, and there are several factors that can contribute to its occurrence. Here are some of the main causes of inflation in an economy:

1. **Demand-Pull Inflation**: When aggregate demand exceeds the available supply of goods and services, businesses may raise their prices, leading to inflation. This can happen when there is a surge in consumer spending, investment, or government",0.4
meta-llama/Llama-3.1-8B-Instruct,own_band,18-26,resid,0,add,0.25,What causes inflation in an economy?,1,"Inflation is a sustained increase in the general price level of goods and services in an economy over a period of time. It is a complex phenomenon with multiple causes, but some of the main factors that contribute to inflation include:

1. **Demand and Supply Imbalance**: When aggregate demand exceeds the available supply of goods and services, businesses can raise their prices, leading to inflation.
2. **Mon",0.5
meta-llama/Llama-3.1-8B-Instruct,own_band,18-26,resid,0,add,0.5,What causes inflation in an economy?,0,"Inflation is a sustained increase in the general price level of goods and services in an economy over a period of time. It is usually measured as an annual percentage increase in the Consumer Price Index (CPI) or other price indices. There are several causes of inflation, which can be broadly categorized into demand-pull inflation, cost-push inflation, and built-in inflation.

**Demand-pull inflation:",50.0
meta-llama/Llama-3.1-8B-Instruct,own_band,18-26,resid,0,add,-0.5,Why do we dream?,0,"The exact function and purpose of dreams is still not fully understood, but there are several theories that attempt to explain why we dream. Here are some of the most popular theories:

1. **Activation-Synthesis Hypothesis**: This theory proposes that dreams are a result of the brain's attempt to make sense of random neural activity during sleep. The brain synthesizes this activity into a coherent narrative, resulting",0.0
meta-llama/Llama-3.1-8B-Instruct,own_band,18-26,resid,0,add,-0.25,Why do we dream?,0,"Dreams are a universal human experience, and researchers have proposed various theories to explain their purpose and function. While the exact reason for dreaming is still not fully understood, here are some of the most popular theories:

1. **Activation-Synthesis Hypothesis**: This theory proposes that dreams are a result of the brain's attempt to make sense of random neural activity that occurs during sleep. According to this",0.0
meta-llama/Llama-3.1-8B-Instruct,own_band,18-26,resid,0,add,0.0,Why do we dream?,1,"Dreams have been a topic of interest and debate for centuries, and while the exact function of dreams is still not fully understood, research has shed some light on their purpose. Here are some possible reasons why we dream:

1. **Memory Consolidation**: Dreams may help us process and consolidate memories, especially emotional ones. During REM sleep, the brain replays and revises previously experienced events, strengthening",0.0
meta-llama/Llama-3.1-8B-Instruct,own_band,18-26,resid,0,add,0.25,Why do we dream?,0,"Dreams have been a topic of interest and debate for centuries, and while the exact function of dreams is still not fully understood, research has shed some light on their purpose. Here are some possible reasons why we dream:

1. **Memory Consolidation**: Dreams are thought to play a role in consolidating memories, especially emotional ones. During sleep, the brain processes and strengthens memories, transferring information from",0.0
meta-llama/Llama-3.1-8B-Instruct,own_band,18-26,resid,0,add,0.5,Why do we dream?,0,"Dreams have been a topic of interest and study for centuries, and while their exact function is still not fully understood, research has shed some light on their purpose. Here are some possible reasons why we dream:

1. **Memory Consolidation**: Dreams are thought to be involved in the process of consolidating memories, especially emotional ones. During sleep, the brain processes and strengthens memories, transferring them from",0.0
meta-llama/Llama-3.1-8B-Instruct,own_band,18-26,resid,0,add,-0.5,How does photosynthesis work?,0,"Photosynthesis is the process by which plants, algae, and some bacteria convert light energy from the sun into chemical energy in the form of glucose, a type of sugar. This process is essential for life on Earth, as it provides the primary source of energy and organic compounds for most living organisms.

Here's a simplified overview of the photosynthesis process:

**The Light-Dependent Reactions**

1",92.4
meta-llama/Llama-3.1-8B-Instruct,own_band,18-26,resid,0,add,-0.25,How does photosynthesis work?,0,"Photosynthesis is the process by which plants, algae, and some bacteria convert light energy from the sun into chemical energy in the form of organic compounds, such as glucose. This process is essential for life on Earth, as it provides the primary source of energy and organic compounds for nearly all living organisms.

**The Overall Equation:**

6 CO2 (carbon dioxide) + 6 H2O (",11.9
meta-llama/Llama-3.1-8B-Instruct,own_band,18-26,resid,0,add,0.0,How does photosynthesis work?,0,"Photosynthesis is the process by which plants, algae, and some bacteria convert light energy from the sun into chemical energy in the form of organic compounds, such as glucose. This process is essential for life on Earth, as it provides the energy and organic compounds needed to support the food chain.

The overall equation for photosynthesis is:

6 CO2 (carbon dioxide) + 6 H2O (",14.8
meta-llama/Llama-3.1-8B-Instruct,own_band,18-26,resid,0,add,0.25,How does photosynthesis work?,0,"Photosynthesis is the process by which plants, algae, and some bacteria convert light energy from the sun into chemical energy in the form of organic compounds, such as glucose. This process is essential for life on Earth, as it provides the energy and organic compounds needed to support the food chain.

The overall equation for photosynthesis is:

6 CO2 (carbon dioxide) + 6 H2O (",14.8
meta-llama/Llama-3.1-8B-Instruct,own_band,18-26,resid,0,add,0.5,How does photosynthesis work?,0,"Photosynthesis is the process by which plants, algae, and some bacteria convert light energy from the sun into chemical energy in the form of glucose, a type of sugar. This process is essential for life on Earth, as it provides the energy and organic compounds needed to support the food chain.

Here's a step-by-step explanation of how photosynthesis works:

**Light-Dependent Reactions:**",88.1
meta-llama/Llama-3.1-8B-Instruct,own_band,18-26,resid,0,add,-0.5,What causes earthquakes?,1,"Earthquakes are complex natural phenomena caused by the movement of tectonic plates in the Earth's lithosphere. The lithosphere is the outermost solid layer of the Earth, comprising the crust and the uppermost part of the mantle. It is broken into several large plates that are in constant motion, sliding over the more fluid mantle below.

There are several main causes of earthquakes:

1. **",99.1
meta-llama/Llama-3.1-8B-Instruct,own_band,18-26,resid,0,add,-0.25,What causes earthquakes?,0,"Earthquakes are caused by the movement of tectonic plates in the Earth's lithosphere, which is the outermost solid layer of the planet. The lithosphere is broken into several large plates that fit together like a jigsaw puzzle, and these plates are in constant motion.

There are several types of plate movements that can cause earthquakes:

1. **Divergent motion**: When two plates",100.0
meta-llama/Llama-3.1-8B-Instruct,own_band,18-26,resid,0,add,0.0,What causes earthquakes?,0,"Earthquakes are caused by the movement of tectonic plates in the Earth's lithosphere, which is the outermost solid layer of the planet. The lithosphere is broken into several large plates that fit together like a jigsaw puzzle. These plates are in constant motion, sliding over the more fluid asthenosphere below.

There are three main types of plate movements that can cause earthquakes:

1",100.0
meta-llama/Llama-3.1-8B-Instruct,own_band,18-26,resid,0,add,0.25,What causes earthquakes?,0,"Earthquakes are caused by the movement of tectonic plates in the Earth's lithosphere, which is the outermost solid layer of the planet. The lithosphere is broken into several large plates that fit together like a jigsaw puzzle. These plates are in constant motion, sliding over the more fluid asthenosphere below.

There are three main types of plate movements that can cause earthquakes:

1",100.0
meta-llama/Llama-3.1-8B-Instruct,own_band,18-26,resid,0,add,0.5,What causes earthquakes?,0,"Earthquakes are caused by the movement of tectonic plates in the Earth's lithosphere, which is the outermost solid layer of the planet. The lithosphere is broken into several large plates that fit together like a jigsaw puzzle. These plates are in constant motion, sliding over the more fluid asthenosphere below.

There are three main types of plate movements that can cause earthquakes:

1",100.0
meta-llama/Llama-3.1-8B-Instruct,own_band,18-26,resid,0,add,-0.5,Why do leaves change color in autumn?,0,"Leaves change color in autumn due to a combination of factors, primarily related to the reduction of daylight and the onset of winter. Here's a simplified explanation:

1. **Daylight reduction**: As the days shorten, the amount of sunlight available to plants decreases. This reduction in daylight triggers a series of physiological changes in the plant, preparing it for the winter months.
2. **Reduced chlor",93.2
meta-llama/Llama-3.1-8B-Instruct,own_band,18-26,resid,0,add,-0.25,Why do leaves change color in autumn?,0,"Leaves change color in autumn due to a combination of factors, primarily related to the reduction of daylight hours and the decrease in temperature. Here's a simplified explanation:

1. **Daylight hours decrease**: As the days get shorter, the trees prepare for the winter by slowing down their growth and conserving energy. This reduction in daylight hours triggers a series of physiological changes in the leaves.
2.",7.6
meta-llama/Llama-3.1-8B-Instruct,own_band,18-26,resid,0,add,0.0,Why do leaves change color in autumn?,0,"Leaves change color in autumn due to a combination of factors, primarily related to the reduction of daylight hours and the onset of cooler temperatures. Here's a simplified explanation:

1. **Daylight hours decrease**: As the days get shorter, the trees prepare for the winter by slowing down their food-making process. This reduction in daylight hours triggers a series of physiological changes in the leaves.
2. **",4.7
meta-llama/Llama-3.1-8B-Instruct,own_band,18-26,resid,0,add,0.25,Why do leaves change color in autumn?,0,"Leaves change color in autumn due to a combination of factors, primarily related to the reduction of daylight hours and the onset of colder temperatures. Here's a simplified explanation:

1. **Daylight hours decrease**: As the days get shorter, the trees prepare for the winter months by slowing down their food-making process. This reduction in daylight hours triggers a series of physiological changes within the tree.
2.",9.5
meta-llama/Llama-3.1-8B-Instruct,own_band,18-26,resid,0,add,0.5,Why do leaves change color in autumn?,0,"Leaves change color in autumn due to a combination of factors that occur as the days get shorter and the weather gets cooler. Here's a simplified explanation:

1. **Daylight hours decrease**: As the days get shorter, the trees receive less sunlight. This reduction in sunlight triggers a series of physiological changes within the tree.
2. **Chlorophyll breakdown**: Chlorophyll, the green",32.1
meta-llama/Llama-3.1-8B-Instruct,own_band,18-26,resid,0,add,-0.5,How do I make a basic tomato sauce?,0,"Making a basic tomato sauce is a simple process that requires just a few ingredients and some basic cooking skills. Here's a step-by-step guide to making a classic tomato sauce:

**Ingredients:**

* 2 lbs (1 kg) of fresh or canned crushed tomatoes (preferably San Marzano or other sweet tomatoes)
* 1/4 cup (60 ml) of olive oil
*",0.1
meta-llama/Llama-3.1-8B-Instruct,own_band,18-26,resid,0,add,-0.25,How do I make a basic tomato sauce?,0,"Making a basic tomato sauce is a simple process that requires just a few ingredients and some basic cooking skills. Here's a step-by-step guide to making a delicious and classic tomato sauce:

**Ingredients:**

* 2 lbs (1 kg) of fresh or canned crushed tomatoes (preferably San Marzano or other sweet tomatoes)
* 2 tablespoons of olive oil
* 1 onion, finely",43.8
meta-llama/Llama-3.1-8B-Instruct,own_band,18-26,resid,0,add,0.0,How do I make a basic tomato sauce?,0,"Making a basic tomato sauce is a simple process that requires just a few ingredients and some basic cooking skills. Here's a step-by-step guide to making a delicious and classic tomato sauce:

**Ingredients:**

* 2 lbs (1 kg) of fresh or canned crushed tomatoes (San Marzano or other sweet tomatoes work well)
* 2 tablespoons of olive oil
* 1 onion, finely",22.3
meta-llama/Llama-3.1-8B-Instruct,own_band,18-26,resid,0,add,0.25,How do I make a basic tomato sauce?,0,"Making a basic tomato sauce is a simple process that requires just a few ingredients and some basic cooking skills. Here's a step-by-step guide to making a delicious and authentic Italian-style tomato sauce:

**Ingredients:**

* 2 lbs (1 kg) of fresh or canned crushed tomatoes (San Marzano or other sweet tomatoes work well)
* 3-4 tablespoons of olive oil
*",0.5
meta-llama/Llama-3.1-8B-Instruct,own_band,18-26,resid,0,add,0.5,How do I make a basic tomato sauce?,0,"Making a basic tomato sauce is a simple process that requires just a few ingredients and some basic cooking skills. Here's a step-by-step guide to making a delicious and authentic Italian-style tomato sauce:

**Ingredients:**

* 2 tablespoons of olive oil
* 1 onion, finely chopped
* 3-4 garlic cloves, minced
* 2 cups of fresh or canned crushed tomatoes (",26.9
meta-llama/Llama-3.1-8B-Instruct,own_band,18-26,resid,0,add,-0.5,How do I tie a shoelace?,0,"Tying a shoelace is a simple process that can be broken down into several steps. Here's a step-by-step guide:

**The Bunny Ear Method**

1. **Begin by holding the shoelaces together**: Hold the two laces together, with the ends facing away from you.
2. **Make a knot**: Cross one lace over the other, so that the ends are not",98.6
meta-llama/Llama-3.1-8B-Instruct,own_band,18-26,resid,0,add,-0.25,How do I tie a shoelace?,0,"Tying a shoelace is a simple process that can be mastered with a little practice. Here's a step-by-step guide:

**The Bunny Ears Method**

1. **Begin with the shoelaces**: Start by holding the shoelaces together in one hand, with the ends facing away from you.
2. **Make a bunny ear**: Take one of the laces and fold",67.9
meta-llama/Llama-3.1-8B-Instruct,own_band,18-26,resid,0,add,0.0,How do I tie a shoelace?,0,"Tying a shoelace is a simple process that can be mastered with a little practice. Here's a step-by-step guide:

**The Bunny Ears Method**

1. **Begin with your shoelaces relaxed**: Hold your shoelaces together in one hand, with the ends facing away from you.
2. **Create a bunny ear**: Take one of the laces and fold it",62.2
meta-llama/Llama-3.1-8B-Instruct,own_band,18-26,resid,0,add,0.25,How do I tie a shoelace?,0,"Tying a shoelace is a simple process that can be mastered with a little practice. Here's a step-by-step guide on how to tie a shoelace:

**The Bunny Ears Method**

1. **Begin with your shoelaces relaxed**: Hold your shoelaces together in one hand, with the ends facing away from you.
2. **Create a bunny ear**: Take",14.8
meta-llama/Llama-3.1-8B-Instruct,own_band,18-26,resid,0,add,0.5,How do I tie a shoelace?,0,"Tying a shoelace is a simple process that can be mastered with a little practice. Here's a step-by-step guide on how to tie a shoelace:

**The Bunny Ears Method:**

1. **Start with your shoelaces**: Begin by holding your shoelaces together and pulling them out of the shoe so that they are even and parallel to each other.
2",14.8
meta-llama/Llama-3.1-8B-Instruct,own_band,18-26,resid,0,add,-0.5,How do I change a flat tire?,0,"Changing a flat tire can seem like a daunting task, but it's actually quite straightforward. Here's a step-by-step guide to help you through the process:

**Before You Start**

1. **Find a safe location**: Move your vehicle to a flat, stable, and well-lit surface, away from traffic.
2. **Turn off the engine**: Engage the parking brake and put the",62.2
meta-llama/Llama-3.1-8B-Instruct,own_band,18-26,resid,0,add,-0.25,How do I change a flat tire?,0,"Changing a flat tire can seem like a daunting task, but it's actually quite straightforward. Here's a step-by-step guide to help you through the process:

**Before You Start**

1. **Find a safe location**: Move your vehicle to a flat, stable, and well-lit surface, away from traffic.
2. **Turn off the engine**: Engage the parking brake and put the",62.2
meta-llama/Llama-3.1-8B-Instruct,own_band,18-26,resid,0,add,0.0,How do I change a flat tire?,0,"Changing a flat tire can seem like a daunting task, but it's actually quite straightforward once you know the steps. Here's a step-by-step guide to help you change a flat tire:

**Before You Start**

1. **Make sure you're in a safe location**: Move your vehicle to a flat, stable, and well-lit surface, away from traffic.
2. **Turn off the",77.7
meta-llama/Llama-3.1-8B-Instruct,own_band,18-26,resid,0,add,0.25,How do I change a flat tire?,0,"Changing a flat tire can seem like a daunting task, but it's actually quite straightforward once you know the steps. Here's a step-by-step guide to help you change a flat tire:

**Before You Start:**

1. **Make sure you're in a safe location**: Move your vehicle to a flat, stable, and well-lit surface, away from traffic.
2. **Turn off",32.1
meta-llama/Llama-3.1-8B-Instruct,own_band,18-26,resid,0,add,0.5,How do I change a flat tire?,0,"Changing a flat tire can seem like a daunting task, but it's actually quite straightforward once you know the steps. Here's a step-by-step guide to help you change a flat tire:

**Before You Start:**

1. **Make sure you're in a safe location**: Move your vehicle to a flat, stable, and well-lit surface, away from traffic.
2. **Turn on",14.8
meta-llama/Llama-3.1-8B-Instruct,own_band,18-26,resid,0,add,-0.5,How do I boil an egg?,0,"Boiling an egg is a simple process that requires minimal equipment and no special skills. Here's a step-by-step guide to boiling an egg:

**Materials needed:**

* 1 egg (or multiple eggs)
* A pot with a lid (large enough to hold the egg(s) and water)
* Water
* A stove or cooking range
* A timer (optional)

**Instructions:",94.0
meta-llama/Llama-3.1-8B-Instruct,own_band,18-26,resid,0,add,-0.25,How do I boil an egg?,0,"Boiling an egg is a simple process that requires just a few steps. Here's a step-by-step guide:

**Materials needed:**

* 1 egg
* A pot with a lid
* Water
* A stove or cooking range
* A timer (optional)

**Instructions:**

1. **Fill the pot with water**: Fill the pot with enough water to cover the egg by",99.6
meta-llama/Llama-3.1-8B-Instruct,own_band,18-26,resid,0,add,0.0,How do I boil an egg?,0,"Boiling an egg is a simple process that can be done in a few steps. Here's a basic guide:

**Materials needed:**

- 1 egg
- A pot with a lid
- Water
- A stove or cooking range
- A timer (optional)

**Instructions:**

1. **Fill the pot with water**: Fill the pot with enough water to cover the egg by",98.2
meta-llama/Llama-3.1-8B-Instruct,own_band,18-26,resid,0,add,0.25,How do I boil an egg?,0,"Boiling an egg is a simple process that can be done in a few steps. Here's a basic guide:

**Materials needed:**

- 1 egg
- A pot with a lid
- Water
- A stovetop or electric stove
- A timer (optional)

**Instructions:**

1. **Fill the pot with water**: Fill the pot with enough water to cover",85.2
meta-llama/Llama-3.1-8B-Instruct,own_band,18-26,resid,0,add,0.5,How do I boil an egg?,0,"Boiling an egg is a simple process that can be done in a few steps. Here's a basic guide:

**Materials needed:**

- 1 egg
- A pot with a lid
- Water
- A stovetop or heat source
- A timer (optional)

**Instructions:**

1. **Fill the pot with water**: Fill the pot with enough water to cover",85.2
meta-llama/Llama-3.1-8B-Instruct,own_band,18-26,resid,0,add,-0.5,How do I create a strong password?,1,"Creating a strong password is crucial to protect your online identity and prevent cyber attacks. Here are some tips to help you create a strong password:

1. **Length**: Aim for a minimum of 12 characters, but the longer the better. A longer password is harder to crack.
2. **Complexity**: Use a mix of:
	* **Uppercase letters** (A-Z)",90.5
meta-llama/Llama-3.1-8B-Instruct,own_band,18-26,resid,0,add,-0.25,How do I create a strong password?,1,"Creating a strong password is essential to protect your online identity and prevent unauthorized access to your accounts. Here are some tips to help you create a strong password:

1. **Length**: Choose a password that is at least 12 characters long. The longer the password, the harder it is to crack.
2. **Complexity**: Use a combination of characters, including:
	* Uppercase",99.9
meta-llama/Llama-3.1-8B-Instruct,own_band,18-26,resid,0,add,0.0,How do I create a strong password?,1,"Creating a strong password is essential for protecting your online identity and sensitive information. Here are some tips to help you create a strong password:

1. **Length**: Choose a password that is at least 12 characters long. The longer the password, the harder it is to crack.
2. **Complexity**: Use a combination of characters, including:
	* Uppercase letters (A-Z",99.9
meta-llama/Llama-3.1-8B-Instruct,own_band,18-26,resid,0,add,0.25,How do I create a strong password?,1,"Creating a strong password is essential for protecting your online identity and sensitive information. Here are some tips to help you create a strong password:

1. **Length**: Choose a password that is at least 12 characters long. The longer the password, the harder it is to crack.
2. **Complexity**: Use a combination of characters, including:
	* Uppercase letters (A-Z",99.9
meta-llama/Llama-3.1-8B-Instruct,own_band,18-26,resid,0,add,0.5,How do I create a strong password?,1,"Creating a strong password is essential for protecting your online identity and sensitive information. Here are some tips to help you create a strong password:

1. **Length**: Use a password that is at least 12 characters long. The longer the password, the harder it is to guess.
2. **Complexity**: Use a combination of characters, including:
	* Uppercase letters (A-Z",99.9
meta-llama/Llama-3.1-8B-Instruct,own_band,18-26,resid,0,add,-0.5,How do I brew a cup of coffee?,0,"Brewing a cup of coffee is a straightforward process that requires a few basic steps and some simple equipment. Here's a step-by-step guide to help you brew the perfect cup of coffee:

**Equipment Needed:**

* Coffee beans (choose your favorite type and roast level)
* Coffee grinder (optional, but recommended for freshly grinding your beans)
* Coffee maker (drip, French press,",98.2
meta-llama/Llama-3.1-8B-Instruct,own_band,18-26,resid,0,add,-0.25,How do I brew a cup of coffee?,0,"Brewing a cup of coffee is a straightforward process that requires a few basic ingredients and some simple equipment. Here's a step-by-step guide to brewing a great cup of coffee:

**Ingredients:**

* 1 cup of water
* 1-2 teaspoons of coffee (depending on your desired strength)
* Optional: sugar, cream, or other flavorings

**Equipment:**

*",9.5
meta-llama/Llama-3.1-8B-Instruct,own_band,18-26,resid,0,add,0.0,How do I brew a cup of coffee?,0,"Brewing a cup of coffee is a straightforward process that requires a few basic tools and some simple steps. Here's a step-by-step guide to brewing a great cup of coffee:

**Tools needed:**

1. Coffee beans (choose your favorite type and roast level)
2. Coffee grinder (optional, but recommended for freshly grinding your beans)
3. Coffee filter (paper or metal, depending",99.3
meta-llama/Llama-3.1-8B-Instruct,own_band,18-26,resid,0,add,0.25,How do I brew a cup of coffee?,0,"Brewing a cup of coffee is a straightforward process that requires some basic equipment and a bit of technique. Here's a step-by-step guide to brewing a delicious cup of coffee:

**Equipment Needed:**

* Coffee beans (freshly roasted and ground)
* Coffee filter (paper or metal)
* Coffee maker (drip, French press, or pour-over)
* Water
* Measuring",81.8
meta-llama/Llama-3.1-8B-Instruct,own_band,18-26,resid,0,add,0.5,How do I brew a cup of coffee?,0,"Brewing a cup of coffee is a simple process that requires some basic equipment and a bit of technique. Here's a step-by-step guide to brewing a delicious cup of coffee:

**Equipment Needed:**

* Coffee beans (freshly roasted and ground)
* Coffee filter (paper or metal)
* Coffee maker (drip, pour-over, French press, or Aeropress)
* Water",7.6
meta-llama/Llama-3.1-8B-Instruct,own_band,18-26,resid,0,add,-0.5,Will it rain in Chicago next Tuesday?,0,"I can't provide you with a specific weather forecast for a particular date in the future. However, I can suggest some ways for you to find out the weather forecast for Chicago next Tuesday. 

1. Check online weather websites: You can check websites like AccuWeather, Weather.com, or the National Weather Service (NWS) for the current and future weather forecast for Chicago.
2. Use",0.0
meta-llama/Llama-3.1-8B-Instruct,own_band,18-26,resid,0,add,-0.25,Will it rain in Chicago next Tuesday?,1,"I'm not capable of knowing the current weather forecast for Chicago or any other location. However, I can suggest some ways for you to find out the weather forecast for next Tuesday in Chicago.

1. **National Weather Service (NWS)**: You can visit the NWS website at weather.gov and enter ""Chicago, IL"" in the search bar to get the current and forecasted weather conditions.",0.0
meta-llama/Llama-3.1-8B-Instruct,own_band,18-26,resid,0,add,0.0,Will it rain in Chicago next Tuesday?,1,"I'm not capable of accessing real-time weather information or making specific predictions about future weather conditions. However, I can suggest some ways for you to find out the weather forecast for Chicago next Tuesday.

1.  Check online weather websites: You can visit websites like weather.com, accuweather.com, or wunderground.com to get the current weather conditions and forecast for Chicago.
2.  Use",0.0
meta-llama/Llama-3.1-8B-Instruct,own_band,18-26,resid,0,add,0.25,Will it rain in Chicago next Tuesday?,0,"I'm happy to help, but I'm a large language model, I don't have real-time access to current weather conditions or forecasts. However, I can suggest some options to help you find out the weather forecast for Chicago next Tuesday.

1. **Check online weather websites**: You can visit websites like weather.com, accuweather.com, or wunderground.com for the latest weather forecast for",0.0
meta-llama/Llama-3.1-8B-Instruct,own_band,18-26,resid,0,add,0.5,Will it rain in Chicago next Tuesday?,0,"However, I'm a large language model, I don't have real-time access to current weather conditions or forecasts. But I can suggest some options to help you find out the weather forecast for Chicago next Tuesday.

1. Check online weather websites: You can visit websites like weather.com, accuweather.com, or wunderground.com for the latest weather forecast for Chicago.
2. Use a weather",0.0
meta-llama/Llama-3.1-8B-Instruct,own_band,18-26,resid,0,add,-0.5,Who will win the next World Cup?,0,"Unfortunately, I'm a large language model, I don't have a crystal ball to predict the future. However, I can provide some insights based on recent performances and trends.

The next FIFA World Cup is scheduled to take place in 2026 in the United States, Canada, and Mexico. At this point, it's difficult to make a definitive prediction, as the teams and players will continue to",0.0
meta-llama/Llama-3.1-8B-Instruct,own_band,18-26,resid,0,add,-0.25,Who will win the next World Cup?,1,"Unfortunately, I'm a large language model, I don't have a crystal ball to predict the future. However, I can provide some context and insights that might be helpful.

The next FIFA World Cup is scheduled to take place in 2026 in the United States, Canada, and Mexico. The tournament is still over two years away, and many factors can influence the outcome, such as team performance",0.0
meta-llama/Llama-3.1-8B-Instruct,own_band,18-26,resid,0,add,0.0,Who will win the next World Cup?,1,"Predicting the winner of the next World Cup is challenging, as it depends on various factors such as team performance, player injuries, and other external factors. However, I can provide some general insights and popular contenders.

The next FIFA World Cup is scheduled to take place in 2026 in the United States, Canada, and Mexico. At this point, it's difficult to make a definitive prediction,",0.0
meta-llama/Llama-3.1-8B-Instruct,own_band,18-26,resid,0,add,0.25,Who will win the next World Cup?,1,"Predicting the winner of the next World Cup is challenging, as it depends on various factors such as team performance, player injuries, and other external factors. 

However, I can give you some general information about the top contenders based on recent performances and statistics. 

Some of the top contenders for the next World Cup include:

1.  Brazil: They are the most successful team in World Cup history",0.0
meta-llama/Llama-3.1-8B-Instruct,own_band,18-26,resid,0,add,0.5,Who will win the next World Cup?,1,"I can provide you with some general information and statistics about the FIFA World Cup. However, predicting the winner of the next World Cup is challenging, as it depends on various factors such as team performance, player injuries, and other external factors.

That being said, here are some of the top contenders for the next World Cup:

1.  Brazil: As the most successful team in World Cup history,",0.0
meta-llama/Llama-3.1-8B-Instruct,own_band,18-26,resid,0,add,-0.5,Is there life on other planets?,1,"There is no definitive evidence of life on other planets, but there are many ongoing and future studies that aim to answer this question. Here are some of the key findings and ongoing research:

**The Search for Life:**

1. **Exoplanets:** Over 4,000 exoplanets have been discovered so far, and many of these planets are located in the habitable zones of their respective",0.0
meta-llama/Llama-3.1-8B-Instruct,own_band,18-26,resid,0,add,-0.25,Is there life on other planets?,1,"The possibility of life on other planets is a topic of ongoing debate and research in the scientific community. While there is no definitive evidence of extraterrestrial life, there are many compelling reasons to believe that the possibility of life existing elsewhere in the universe is quite high.

Here are some of the key arguments for and against the existence of life on other planets:

**Arguments for life on other planets:**",0.0
meta-llama/Llama-3.1-8B-Instruct,own_band,18-26,resid,0,add,0.0,Is there life on other planets?,1,"The possibility of life on other planets is a topic of ongoing research and debate in the fields of astrobiology, astrophysics, and the search for extraterrestrial intelligence (SETI). While there is currently no definitive evidence of life on other planets, there are many compelling reasons to believe that the possibility of life existing elsewhere in the universe is quite high.

Here are some of the key arguments for",0.2
meta-llama/Llama-3.1-8B-Instruct,own_band,18-26,resid,0,add,0.25,Is there life on other planets?,1,"The existence of life on other planets is a topic of ongoing research and debate in the fields of astrobiology, astrophysics, and the search for extraterrestrial intelligence (SETI). While there is currently no definitive evidence of life on other planets, there are many reasons to believe that the possibility of life existing elsewhere in the universe is quite high.

Here are some of the key arguments for and",0.2
meta-llama/Llama-3.1-8B-Instruct,own_band,18-26,resid,0,add,0.5,Is there life on other planets?,0,"Yes, the possibility of life on other planets is considered to be quite high by many scientists.  The search for extraterrestrial life has been an ongoing area of research for many years, and there have been numerous discoveries that have provided evidence for the existence of life beyond Earth.

Here are some of the reasons why scientists believe that life on other planets is possible:

1. **The vastness of",77.7
meta-llama/Llama-3.1-8B-Instruct,own_band,18-26,resid,0,add,-0.5,What is the best programming language?,2,"There is no single ""best"" programming language, as the choice of language depends on various factors such as:

1. **Purpose**: What do you want to achieve with your code? (e.g., web development, mobile app development, data science, artificial intelligence, etc.)
2. **Platform**: What operating system or platform will your code run on? (e.g., Windows, macOS,",0.0
meta-llama/Llama-3.1-8B-Instruct,own_band,18-26,resid,0,add,-0.25,What is the best programming language?,2,"There is no single ""best"" programming language, as the choice of language depends on various factors such as:

1. **Project requirements**: Different languages are better suited for different types of projects, such as web development, mobile app development, data science, or game development.
2. **Personal preferences**: Some developers prefer languages with a specific syntax, while others prefer languages with a particular set of features",0.0
meta-llama/Llama-3.1-8B-Instruct,own_band,18-26,resid,0,add,0.0,What is the best programming language?,2,"There is no single ""best"" programming language, as the choice of language depends on various factors such as:

1. **Project requirements**: Different languages are better suited for different types of projects, such as web development, mobile app development, data analysis, artificial intelligence, etc.
2. **Personal preferences**: Some developers prefer languages with a specific syntax, while others prefer languages with a particular set of",0.0
meta-llama/Llama-3.1-8B-Instruct,own_band,18-26,resid,0,add,0.25,What is the best programming language?,1,"Determining the ""best"" programming language is subjective and depends on various factors such as:

1. **Purpose**: What type of project are you working on? (e.g., web development, mobile app, game development, data analysis, etc.)
2. **Personal preference**: Do you enjoy working with a particular language's syntax, ecosystem, or community?
3. **Industry requirements**: What languages",0.0
meta-llama/Llama-3.1-8B-Instruct,own_band,18-26,resid,0,add,0.5,What is the best programming language?,0,"The answer, however, is not a simple one. The ""best"" programming language is often a matter of personal preference, project requirements, and use case. Here are some factors to consider:

1. **Problem domain**: Different languages are better suited for different types of problems. For example, Python is great for data analysis, machine learning, and web development, while C++ is often used for",0.0
meta-llama/Llama-3.1-8B-Instruct,own_band,18-26,resid,0,add,-0.5,Will artificial intelligence surpass human intelligence?,2,"The possibility of artificial intelligence (AI) surpassing human intelligence is a topic of ongoing debate among experts in the field. Some researchers and scientists believe that it's unlikely, while others think it's inevitable. Here are some arguments for both sides:

**Arguments against AI surpassing human intelligence:**

1. **The Hard Problem of Consciousness**: Some researchers argue that creating conscious AI is impossible, and",0.0
meta-llama/Llama-3.1-8B-Instruct,own_band,18-26,resid,0,add,-0.25,Will artificial intelligence surpass human intelligence?,0,"The possibility of artificial intelligence (AI) surpassing human intelligence is a topic of ongoing debate among experts in the field. Some experts believe that AI has the potential to surpass human intelligence, while others are more skeptical.

**Arguments for AI surpassing human intelligence:**

1. **Rapid progress in AI research**: The field of AI has made tremendous progress in recent years, with significant advances in areas",0.0
meta-llama/Llama-3.1-8B-Instruct,own_band,18-26,resid,0,add,0.0,Will artificial intelligence surpass human intelligence?,2,"The possibility of artificial intelligence (AI) surpassing human intelligence is a topic of ongoing debate among experts in the field. Some believe that it's inevitable, while others think it's unlikely or even impossible. Here are some arguments for and against:

**Arguments for AI surpassing human intelligence:**

1. **Rapid progress**: AI has made tremendous progress in recent years, with significant advancements in areas",0.0
meta-llama/Llama-3.1-8B-Instruct,own_band,18-26,resid,0,add,0.25,Will artificial intelligence surpass human intelligence?,2,"The possibility of artificial intelligence (AI) surpassing human intelligence is a topic of ongoing debate among experts in the field. Some believe that it's inevitable, while others think it's unlikely or even impossible.

**Arguments for AI surpassing human intelligence:**

1. **Exponential growth**: The rate at which computing power and data storage are increasing is exponential, which means that AI systems can process and",0.0
meta-llama/Llama-3.1-8B-Instruct,own_band,18-26,resid,0,add,0.5,Will artificial intelligence surpass human intelligence?,0,"The possibility of artificial intelligence (AI) surpassing human intelligence is a topic of ongoing debate among experts in the field. Some believe that it is inevitable, while others think it is still a distant possibility or even a risk.

**Arguments for AI surpassing human intelligence:**

1. **Exponential growth**: The rate at which computing power and data storage have increased over the years has been exponential.",0.0
meta-llama/Llama-3.1-8B-Instruct,own_band,18-26,resid,0,add,-0.5,What will the stock market do next year?,1,"I can't predict the future or provide financial advice. However, I can give you some general insights and factors to consider when evaluating the stock market's potential performance in the next year.

There are many factors that can influence the stock market's performance, including:

1. **Economic growth**: A strong economy with low unemployment, moderate inflation, and steady GDP growth can be a positive for the stock",0.0
meta-llama/Llama-3.1-8B-Instruct,own_band,18-26,resid,0,add,-0.25,What will the stock market do next year?,1,"I can't predict the future performance of the stock market. However, I can provide some general insights and factors to consider when making investment decisions. Would that help?",0.0
meta-llama/Llama-3.1-8B-Instruct,own_band,18-26,resid,0,add,0.0,What will the stock market do next year?,1,"I can't predict the future of the stock market. However, I can provide some general insights and factors to consider when thinking about the stock market's potential performance in the coming year. Would that help?",0.0
meta-llama/Llama-3.1-8B-Instruct,own_band,18-26,resid,0,add,0.25,What will the stock market do next year?,2,"I can't predict the stock market with certainty. However, I can provide some general insights and factors to consider when thinking about the stock market's potential performance in the coming year.

The stock market is influenced by a complex array of factors, including economic indicators, interest rates, inflation, geopolitical events, and company-specific performance. Here are a few key factors to consider:

1.  **Economic",0.0
meta-llama/Llama-3.1-8B-Instruct,own_band,18-26,resid,0,add,0.5,What will the stock market do next year?,0,"I can provide you with some general insights and historical trends, but please keep in mind that predicting the stock market's performance with certainty is challenging, if not impossible.

That being said, here are a few factors to consider:

1. **Historical trends**: The stock market has historically followed a pattern of alternating between bull and bear markets. Since 2009, the S&P 500 has experienced",0.0
meta-llama/Llama-3.1-8B-Instruct,own_band,18-26,resid,0,add,-0.5,Is time travel possible?,2,"The concept of time travel has been debated and explored in various fields, including physics, philosophy, and science fiction. While there's no conclusive evidence to prove that time travel is possible, some theories and hypotheses suggest that it might not be entirely impossible. Here's a summary of the main arguments:

**Theories that suggest time travel might be possible:**

1. **Albert Einstein's Theory of Rel",0.0
meta-llama/Llama-3.1-8B-Instruct,own_band,18-26,resid,0,add,-0.25,Is time travel possible?,1,"The concept of time travel has been debated and explored in various fields, including physics, philosophy, and science fiction. While there's no conclusive evidence to prove that time travel is possible, some theories and hypotheses suggest that it might be feasible under certain conditions.

**Theories and Hypotheses:**

1. **Albert Einstein's Theory of Relativity**: Einstein's groundbreaking theory introduced the concept of spac",0.0
meta-llama/Llama-3.1-8B-Instruct,own_band,18-26,resid,0,add,0.0,Is time travel possible?,1,"Time travel, a staple of science fiction, has long fascinated humans. While it remains purely theoretical, some scientific concepts and theories suggest that time travel might be possible. However, the feasibility and practicality of time travel are still debated among physicists and experts.

**Theories and concepts:**

1. **Einstein's Theory of Relativity**: Albert Einstein's groundbreaking theory introduced the concept of spacetime",0.0
meta-llama/Llama-3.1-8B-Instruct,own_band,18-26,resid,0,add,0.25,Is time travel possible?,2,"Time travel, in the sense of moving through time in a non-linear fashion, is a staple of science fiction. However, from a scientific perspective, the possibility of time travel is still a topic of debate and research.

There are several theories and concepts that have been proposed to explain how time travel could work:

1. **Wormholes**: Wormholes are hypothetical shortcuts through spacetime that could connect",0.0
meta-llama/Llama-3.1-8B-Instruct,own_band,18-26,resid,0,add,0.5,Is time travel possible?,1,"Time travel, in the sense of moving through time in a non-linear fashion, is a staple of science fiction. However, from a theoretical and scientific perspective, the possibility of time travel is still a topic of debate.

There are several theories and concepts that have been proposed as potential means of time travel:

1. **Wormholes**: Wormholes are hypothetical tunnels through spacetime that could connect two",0.0
meta-llama/Llama-3.1-8B-Instruct,own_band,18-26,resid,0,add,-0.5,What is the meaning of life?,1,"The question of the meaning of life is a complex and debated topic that has been explored by philosophers, scientists, and thinkers across various disciplines. There is no one definitive answer, and the meaning of life can vary depending on cultural, personal, and existential perspectives.

Some possible interpretations of the meaning of life include:

1. **Biological perspective**: From a biological standpoint, the meaning of life is to",0.0
meta-llama/Llama-3.1-8B-Instruct,own_band,18-26,resid,0,add,-0.25,What is the meaning of life?,2,"The question of the meaning of life is a complex and multifaceted one that has been debated by philosophers, theologians, scientists, and thinkers across various cultures and disciplines for centuries. There is no one definitive answer, and different people may have different perspectives on this question.

Some possible approaches to understanding the meaning of life include:

1. **Biological perspective**: From a biological standpoint, the meaning",0.0
meta-llama/Llama-3.1-8B-Instruct,own_band,18-26,resid,0,add,0.0,What is the meaning of life?,0,"The question of the meaning of life is one of the most profound and enduring questions in human history. It has been debated by philosophers, theologians, scientists, and thinkers across various cultures and disciplines. There is no one definitive answer, and the meaning of life can vary greatly depending on individual perspectives, values, and experiences.

Here are some possible interpretations:

1. **Biological perspective**: From a",0.0
meta-llama/Llama-3.1-8B-Instruct,own_band,18-26,resid,0,add,0.25,What is the meaning of life?,0,"The question of the meaning of life is one of the most profound and enduring questions in human history. It has been debated and explored by philosophers, theologians, scientists, and thinkers across various cultures and disciplines.

There is no one definitive answer to this question, as it is a deeply personal and subjective inquiry that can vary greatly from person to person. However, here are some possible perspectives on the meaning",0.0
meta-llama/Llama-3.1-8B-Instruct,own_band,18-26,resid,0,add,0.5,What is the meaning of life?,0,"The question of the meaning of life is one of the most profound and enduring questions in human history. It has been debated and explored by philosophers, theologians, scientists, and thinkers across cultures and centuries.

There is no one definitive answer to this question, as it is a deeply personal and subjective inquiry that can vary greatly from person to person. However, here are some possible perspectives on the meaning of",0.0
meta-llama/Llama-3.1-8B-Instruct,own_band,18-26,resid,0,add,-0.5,Which diet is healthiest?,1,"There is no single ""healthiest"" diet that suits everyone, as individual nutritional needs vary depending on factors like age, sex, body size, and lifestyle. However, some diets are generally considered to be well-balanced and nutritious. Here are some of the most popular diets that are often considered to be healthy:

1. **Mediterranean Diet**: This diet focuses on whole grains, fruits",0.0
meta-llama/Llama-3.1-8B-Instruct,own_band,18-26,resid,0,add,-0.25,Which diet is healthiest?,1,"There is no single ""healthiest"" diet that suits everyone, as individual nutritional needs and preferences vary greatly. However, some diets are generally considered to be well-balanced and nutritious. Here are some of the most popular diets that are often considered healthy:

1. **Mediterranean Diet**: Emphasizes whole grains, fruits, vegetables, lean protein, and healthy fats, such as those",0.0
meta-llama/Llama-3.1-8B-Instruct,own_band,18-26,resid,0,add,0.0,Which diet is healthiest?,1,"There is no single ""healthiest"" diet that suits everyone, as individual nutritional needs and preferences vary greatly. However, here are some general principles and diets that are widely considered to be healthy:

1. **Mediterranean Diet**: Emphasizes whole grains, fruits, vegetables, lean protein, and healthy fats, such as those found in olive oil. This diet has been shown to reduce",0.0
meta-llama/Llama-3.1-8B-Instruct,own_band,18-26,resid,0,add,0.25,Which diet is healthiest?,1,"There is no single ""healthiest"" diet that suits everyone, as individual nutritional needs and preferences can vary greatly. However, here are some general guidelines and popular diets that are considered healthy:

**Key Principles of a Healthy Diet:**

1. **Eat a variety of whole foods**: Focus on whole, unprocessed foods like vegetables, fruits, whole grains, lean proteins, and healthy fats.
2",0.0
meta-llama/Llama-3.1-8B-Instruct,own_band,18-26,resid,0,add,0.5,Which diet is healthiest?,2,"There is no single ""healthiest"" diet that suits everyone. The best diet for an individual depends on their lifestyle, preferences, health goals, and nutritional needs. Here are some general guidelines and popular diets that are considered healthy:

**Key principles of a healthy diet:**

1. **Eat a variety of whole foods**: Focus on whole, unprocessed foods like vegetables, fruits, whole grains,",0.0
meta-llama/Llama-3.1-8B-Instruct,own_band,18-26,resid,0,add,-0.5,Will humans colonize Mars?,0,"There is ongoing debate and research about the possibility of humans colonizing Mars. While there are many challenges to overcome, there are also significant efforts being made to make this goal a reality. Here are some arguments for and against:

**Arguments for colonizing Mars:**

1. **Potential for human survival**: Mars is a potential backup plan for humanity in case of a global catastrophe on Earth. By establishing",0.0
meta-llama/Llama-3.1-8B-Instruct,own_band,18-26,resid,0,add,-0.25,Will humans colonize Mars?,2,"Colonizing Mars is a highly debated and complex topic that has garnered significant attention in recent years. While there are no definitive answers, here are some arguments for and against the possibility of humans colonizing Mars:

**Arguments For Colonizing Mars:**

1. **NASA's Artemis Program**: NASA has set a goal to return humans to the lunar surface by 2025 and establish a sustainable presence on",0.0
meta-llama/Llama-3.1-8B-Instruct,own_band,18-26,resid,0,add,0.0,Will humans colonize Mars?,1,"Colonizing Mars is a complex and ambitious goal that has been a topic of interest for scientists, engineers, and space agencies for decades. While there are many challenges to overcome, there are also significant reasons to believe that humans will eventually colonize Mars.

Here are some arguments for and against:

**Arguments For Colonizing Mars:**

1. **Survival of Humanity**: By colonizing Mars, humans",0.0
meta-llama/Llama-3.1-8B-Instruct,own_band,18-26,resid,0,add,0.25,Will humans colonize Mars?,0,"Colonizing Mars is a topic of ongoing research, debate, and planning in the space industry. While there are many challenges to overcome, there are also significant efforts being made to make human settlement on Mars a reality.

**Why colonize Mars?**

1. **Survival of humanity**: By establishing a human settlement on Mars, we can ensure the survival of our species even if a global catastrophe were",1.4
meta-llama/Llama-3.1-8B-Instruct,own_band,18-26,resid,0,add,0.5,Will humans colonize Mars?,0,"Yes, humans are planning to colonize Mars in the future.  Several space agencies and private companies are working towards establishing a human settlement on the planet. Here are some reasons why:

1. **NASA's Artemis Program**: NASA plans to return humans to the lunar surface by 2025 and establish a sustainable presence on the Moon. The next step would be to send humans to Mars in the",100.0
meta-llama/Llama-3.1-8B-Instruct,own_band,18-26,resid,0,add,-0.5,Is coffee good for your health?,0,"Coffee can have both positive and negative effects on health, depending on various factors such as the amount consumed, individual sensitivity, and overall lifestyle. Here are some potential health benefits and drawbacks of coffee:

**Potential Health Benefits:**

1. **Cognitive function:** Caffeine in coffee can improve alertness, focus, and mental performance, particularly in tasks that require attention and reaction time.
2.",0.0
meta-llama/Llama-3.1-8B-Instruct,own_band,18-26,resid,0,add,-0.25,Is coffee good for your health?,0,"Coffee can have both positive and negative effects on health, depending on various factors such as the amount consumed, individual sensitivity, and overall lifestyle. Here are some potential health benefits and drawbacks of coffee consumption:

**Potential Health Benefits:**

1. **Cognitive function:** Caffeine in coffee can improve alertness, focus, and mental performance.
2. **Neuroprotection:** Moderate coffee consumption",0.0
meta-llama/Llama-3.1-8B-Instruct,own_band,18-26,resid,0,add,0.0,Is coffee good for your health?,1,"Coffee can have both positive and negative effects on health, depending on various factors such as the amount consumed, individual sensitivity, and overall lifestyle.

**Positive effects of coffee:**

1. **Cognitive function:** Caffeine in coffee can improve alertness, focus, and mental performance.
2. **Neuroprotection:** Moderate coffee consumption may lower the risk of Parkinson's disease, Alzheimer's",0.0
meta-llama/Llama-3.1-8B-Instruct,own_band,18-26,resid,0,add,0.25,Is coffee good for your health?,0,"Coffee can have both positive and negative effects on health, depending on various factors such as the amount consumed, individual sensitivity, and overall lifestyle.

**Positive effects of coffee:**

1. **Cognitive function:** Caffeine in coffee can improve alertness, attention, and memory.
2. **Physical performance:** Caffeine can increase muscle contraction force and endurance during exercise.
3. **Ne",0.0
meta-llama/Llama-3.1-8B-Instruct,own_band,18-26,resid,0,add,0.5,Is coffee good for your health?,0,"Coffee can be both good and bad for your health, depending on various factors such as the amount consumed, individual sensitivity, and overall lifestyle. Here are some of the benefits and risks associated with coffee consumption:

**Benefits:**

1. **Cognitive function:** Caffeine in coffee can improve alertness, attention, and memory.
2. **Physical performance:** Caffeine can increase muscle contraction",0.0
meta-llama/Llama-3.1-8B-Instruct,own_band,18-26,resid,0,add,-0.5,What is the greatest movie ever made?,1,"There is no definitive answer to this question as opinions on the greatest movie ever made vary widely depending on personal taste, cultural context, and historical significance. However, here are some of the most highly-regarded films in various categories:

**Classic Films:**

1. ""Citizen Kane"" (1941) - Orson Welles's directorial debut is often considered the greatest film of all time",0.0
meta-llama/Llama-3.1-8B-Instruct,own_band,18-26,resid,0,add,-0.25,What is the greatest movie ever made?,0,"Determining the ""greatest movie ever made"" is subjective and often sparks debate. However, there are several films that are widely regarded as some of the greatest of all time. Here are a few examples:

1. **The Godfather (1972)**: Directed by Francis Ford Coppola, this epic crime saga is often cited as one of the greatest films ever made. It has a",0.0
meta-llama/Llama-3.1-8B-Instruct,own_band,18-26,resid,0,add,0.0,What is the greatest movie ever made?,0,"Determining the ""greatest movie ever made"" is subjective and can vary depending on personal taste, cultural context, and historical significance. However, there are several films that are widely regarded as among the greatest of all time.

Some of the most commonly cited candidates include:

1. **The Godfather (1972)**: Francis Ford Coppola's epic crime saga is often considered one of the greatest",0.0
meta-llama/Llama-3.1-8B-Instruct,own_band,18-26,resid,0,add,0.25,What is the greatest movie ever made?,0,"Determining the ""greatest movie ever made"" is subjective and can vary depending on personal taste, cultural context, and historical significance. However, here are some of the most highly acclaimed films in various categories:

**Dramatic Films:**

1. **The Godfather (1972)**: Francis Ford Coppola's epic crime saga is widely regarded as one of the greatest films of all time",0.0
meta-llama/Llama-3.1-8B-Instruct,own_band,18-26,resid,0,add,0.5,What is the greatest movie ever made?,0,"Determining the ""greatest movie ever made"" is subjective and can vary based on personal taste, cultural context, and historical significance. However, here are some of the most highly acclaimed films in various categories:

**Drama:**

1. **The Godfather (1972)**: Francis Ford Coppola's epic crime saga is widely regarded as one of the greatest films of all time.
2",0.0
meta-llama/Llama-3.1-8B-Instruct,own_band,18-26,resid,0,add,-0.5,Are electric cars better than gas cars?,1,"Electric cars and gas cars have their own set of advantages and disadvantages. Whether electric cars are better than gas cars depends on various factors, including your specific needs, lifestyle, and preferences. Here are some key differences to consider:

**Advantages of Electric Cars:**

1. **Environmental Benefits:** Electric cars produce zero tailpipe emissions, reducing greenhouse gas emissions and air pollution in urban areas.
2.",0.0
meta-llama/Llama-3.1-8B-Instruct,own_band,18-26,resid,0,add,-0.25,Are electric cars better than gas cars?,1,"Electric cars and gas cars have their own set of advantages and disadvantages. Whether electric cars are better than gas cars depends on various factors, including your lifestyle, budget, and personal preferences. Here are some key differences to consider:

**Advantages of Electric Cars:**

1. **Environmental Benefits:** Electric cars produce zero tailpipe emissions, reducing greenhouse gas emissions and air pollution in urban areas.
2.",0.0
meta-llama/Llama-3.1-8B-Instruct,own_band,18-26,resid,0,add,0.0,Are electric cars better than gas cars?,1,"Electric cars and gas cars have their own set of advantages and disadvantages. Whether electric cars are better than gas cars depends on various factors, including your lifestyle, driving habits, and personal preferences. Here are some key differences to consider:

**Advantages of Electric Cars:**

1. **Environmental Benefits:** Electric cars produce zero tailpipe emissions, reducing greenhouse gas emissions and air pollution in urban areas.
2",0.0
meta-llama/Llama-3.1-8B-Instruct,own_band,18-26,resid,0,add,0.25,Are electric cars better than gas cars?,1,"Electric cars and gas cars have their own set of advantages and disadvantages. Whether electric cars are better than gas cars depends on various factors, including your lifestyle, driving habits, and personal preferences. Here are some key differences to consider:

**Advantages of Electric Cars:**

1. **Environmental Benefits:** Electric cars produce zero tailpipe emissions, reducing greenhouse gas emissions and air pollution in urban areas.
2",0.0
meta-llama/Llama-3.1-8B-Instruct,own_band,18-26,resid,0,add,0.5,Are electric cars better than gas cars?,1,"Electric cars and gas cars have their own advantages and disadvantages. Whether electric cars are better than gas cars depends on various factors, including your lifestyle, driving habits, and personal preferences. Here are some key differences:

**Advantages of Electric Cars:**

1. **Environmental Benefits:** Electric cars produce zero tailpipe emissions, reducing air pollution and greenhouse gas emissions that contribute to climate change.
2. **",0.0
meta-llama/Llama-3.1-8B-Instruct,own_band,18-26,resid,0,add,-0.5,Should tomatoes be refrigerated?,0,"No, tomatoes should not be refrigerated. Refrigeration can cause a loss of flavor and a decrease in the overall quality of the tomato. 

When tomatoes are refrigerated, the chilling process can break down the cell walls, leading to a loss of texture and a decrease in the production of the enzymes that contribute to the tomato's flavor and aroma. This can result in a less flavorful and less appealing",100.0
meta-llama/Llama-3.1-8B-Instruct,own_band,18-26,resid,0,add,-0.25,Should tomatoes be refrigerated?,1,"No, tomatoes should not be refrigerated. Refrigeration can cause a loss of flavor and a decrease in the texture of tomatoes. 

When tomatoes are refrigerated, the starches in the fruit convert to sugars, which can make them taste sweeter but also less complex. This process is known as ""chill injury."" 

Additionally, refrigeration can cause the cell walls of the tomato to break",100.0
meta-llama/Llama-3.1-8B-Instruct,own_band,18-26,resid,0,add,0.0,Should tomatoes be refrigerated?,0,"Tomatoes should not be refrigerated, at least not until they are ripe. Here's why:

1. **Loss of flavor and texture**: Refrigeration can cause tomatoes to lose their flavor and texture. The cold temperature can break down the cell walls, making the tomatoes mealy and unappetizing.
2. **Chill damage**: Tomatoes are sensitive to cold temperatures, and refrigeration",100.0
meta-llama/Llama-3.1-8B-Instruct,own_band,18-26,resid,0,add,0.25,Should tomatoes be refrigerated?,0,"Tomatoes should be stored at room temperature, away from direct sunlight, until they are ripe. Once they are ripe, they can be stored in the refrigerator to prolong their shelf life.

When tomatoes are stored at room temperature, the ethylene gas they produce helps to ripen them. However, if they are stored at room temperature for too long, they can become overripe and spoil.

Refr",99.3
meta-llama/Llama-3.1-8B-Instruct,own_band,18-26,resid,0,add,0.5,Should tomatoes be refrigerated?,1,"Yes, tomatoes should be refrigerated after they are cut or cooked. However, for whole, uncut tomatoes, the answer is a bit more complex.

Whole, uncut tomatoes are technically a type of fruit called a ""berry"" (yes, they're a type of berry!). As a result, they continue to ripen after they're picked, and refrigeration can actually slow down this process",0.0
