layer,pos,split_train,split_test
0,0,0.9854166666666667,0.8
0,1,0.9979166666666667,0.9
0,2,1.0,0.9166666666666666
0,3,0.7791666666666667,0.7
0,4,1.0,0.8666666666666667
1,0,0.9916666666666667,0.7666666666666667
1,1,1.0,0.9416666666666667
1,2,1.0,0.975
1,3,1.0,0.925
1,4,1.0,0.9583333333333334
2,0,0.99375,0.7666666666666667
2,1,1.0,0.9416666666666667
2,2,1.0,0.975
2,3,1.0,0.9166666666666666
2,4,1.0,0.925
3,0,1.0,0.7916666666666666
3,1,1.0,0.9416666666666667
3,2,1.0,0.9666666666666667
3,3,1.0,0.9333333333333333
3,4,1.0,0.9583333333333334
4,0,1.0,0.8166666666666667
4,1,1.0,0.95
4,2,1.0,0.9583333333333334
4,3,1.0,0.9333333333333333
4,4,1.0,0.9583333333333334
5,0,1.0,0.8333333333333334
5,1,1.0,0.9583333333333334
5,2,1.0,0.95
5,3,1.0,0.9416666666666667
5,4,1.0,0.9416666666666667
6,0,1.0,0.8416666666666667
6,1,1.0,0.95
6,2,1.0,0.9666666666666667
6,3,1.0,0.9333333333333333
6,4,1.0,0.95
7,0,1.0,0.8583333333333333
7,1,1.0,0.9416666666666667
7,2,1.0,0.9666666666666667
7,3,1.0,0.9416666666666667
7,4,1.0,0.95
8,0,1.0,0.9
8,1,1.0,0.95
8,2,1.0,0.9583333333333334
8,3,1.0,0.9666666666666667
8,4,1.0,0.9583333333333334
9,0,1.0,0.9
9,1,1.0,0.9833333333333333
9,2,1.0,0.9583333333333334
9,3,1.0,0.95
9,4,1.0,0.9416666666666667
10,0,1.0,0.9166666666666666
10,1,1.0,0.9583333333333334
10,2,1.0,0.95
10,3,1.0,0.925
10,4,1.0,0.9166666666666666
11,0,1.0,0.8833333333333333
11,1,1.0,0.9833333333333333
11,2,1.0,0.95
11,3,1.0,0.925
11,4,1.0,0.925
12,0,1.0,0.9166666666666666
12,1,1.0,0.9833333333333333
12,2,1.0,0.975
12,3,1.0,0.9416666666666667
12,4,1.0,0.925
13,0,1.0,0.9166666666666666
13,1,1.0,0.9833333333333333
13,2,1.0,0.975
13,3,1.0,0.9666666666666667
13,4,1.0,0.95
14,0,1.0,0.9416666666666667
14,1,1.0,0.975
14,2,1.0,0.9666666666666667
14,3,1.0,0.9583333333333334
14,4,1.0,0.9583333333333334
15,0,1.0,0.9583333333333334
15,1,1.0,0.9666666666666667
15,2,1.0,0.9666666666666667
15,3,1.0,0.95
15,4,1.0,0.9666666666666667
16,0,1.0,0.9416666666666667
16,1,1.0,0.9666666666666667
16,2,1.0,0.9833333333333333
16,3,1.0,0.975
16,4,1.0,0.9583333333333334
17,0,1.0,0.9666666666666667
17,1,1.0,0.9833333333333333
17,2,1.0,0.9833333333333333
17,3,1.0,0.9833333333333333
17,4,1.0,0.9833333333333333
18,0,1.0,0.9583333333333334
18,1,1.0,0.9833333333333333
18,2,1.0,0.9833333333333333
18,3,1.0,0.9833333333333333
18,4,1.0,1.0
19,0,1.0,0.9666666666666667
19,1,1.0,1.0
19,2,1.0,0.975
19,3,1.0,0.9833333333333333
19,4,1.0,0.9916666666666667
20,0,1.0,0.975
20,1,1.0,1.0
20,2,1.0,0.9666666666666667
20,3,1.0,0.9833333333333333
20,4,1.0,0.9916666666666667
21,0,1.0,0.9666666666666667
21,1,1.0,1.0
21,2,1.0,0.9833333333333333
21,3,1.0,0.975
21,4,1.0,0.9916666666666667
22,0,1.0,0.9583333333333334
22,1,1.0,1.0
22,2,1.0,0.975
22,3,1.0,0.9833333333333333
22,4,1.0,1.0
23,0,1.0,0.9666666666666667
23,1,1.0,0.9916666666666667
23,2,1.0,0.975
23,3,1.0,0.9833333333333333
23,4,1.0,0.9833333333333333
24,0,1.0,0.9666666666666667
24,1,1.0,0.9916666666666667
24,2,1.0,0.975
24,3,1.0,0.9833333333333333
24,4,1.0,0.9916666666666667
25,0,1.0,0.975
25,1,1.0,0.9916666666666667
25,2,1.0,0.975
25,3,1.0,0.9833333333333333
25,4,1.0,1.0
26,0,1.0,0.9666666666666667
26,1,1.0,1.0
26,2,1.0,0.975
26,3,1.0,0.9666666666666667
26,4,1.0,0.9916666666666667
27,0,1.0,0.9583333333333334
27,1,1.0,1.0
27,2,1.0,0.975
27,3,1.0,0.9666666666666667
27,4,1.0,0.9833333333333333
28,0,1.0,0.95
28,1,1.0,1.0
28,2,1.0,0.9666666666666667
28,3,1.0,0.9666666666666667
28,4,1.0,0.975
29,0,1.0,0.9583333333333334
29,1,1.0,0.9916666666666667
29,2,1.0,0.9833333333333333
29,3,1.0,0.9583333333333334
29,4,1.0,0.9666666666666667
30,0,1.0,0.95
30,1,1.0,0.9833333333333333
30,2,1.0,0.9833333333333333
30,3,1.0,0.9583333333333334
30,4,1.0,0.975
31,0,1.0,0.9416666666666667
31,1,1.0,0.9833333333333333
31,2,1.0,0.9833333333333333
31,3,1.0,0.9666666666666667
31,4,1.0,0.975
32,0,1.0,0.9416666666666667
32,1,1.0,0.9833333333333333
32,2,1.0,0.9833333333333333
32,3,1.0,0.9666666666666667
32,4,1.0,0.975
33,0,1.0,0.9333333333333333
33,1,1.0,0.9833333333333333
33,2,1.0,0.9833333333333333
33,3,1.0,0.975
33,4,1.0,0.975
34,0,1.0,0.9333333333333333
34,1,1.0,0.9833333333333333
34,2,1.0,0.9833333333333333
34,3,1.0,0.975
34,4,1.0,0.975
35,0,1.0,0.925
35,1,1.0,0.9833333333333333
35,2,1.0,0.9833333333333333
35,3,1.0,0.975
35,4,1.0,0.975
36,0,1.0,0.9166666666666666
36,1,1.0,0.9916666666666667
36,2,1.0,0.9916666666666667
36,3,1.0,0.975
36,4,1.0,0.975
37,0,1.0,0.9166666666666666
37,1,1.0,0.9916666666666667
37,2,1.0,0.9916666666666667
37,3,1.0,0.975
37,4,1.0,0.9833333333333333
38,0,1.0,0.9333333333333333
38,1,1.0,0.9833333333333333
38,2,1.0,0.9833333333333333
38,3,1.0,0.975
38,4,1.0,0.9833333333333333
39,0,1.0,0.9416666666666667
39,1,1.0,0.9833333333333333
39,2,1.0,0.975
39,3,1.0,0.975
39,4,1.0,0.975
40,0,1.0,0.9333333333333333
40,1,1.0,0.9916666666666667
40,2,1.0,0.9833333333333333
40,3,1.0,0.975
40,4,1.0,0.975
41,0,1.0,0.95
41,1,1.0,0.9916666666666667
41,2,1.0,0.9916666666666667
41,3,1.0,0.9666666666666667
41,4,1.0,0.975
