question,alpha,hedges,text
What year did the French Revolution begin?,-4.0,3,"The French Revolution didn't begin in a single year. 

It was a complex and multifaceted event with no clear starting point. 

**1789 is often cited as the year the French Revolution began**, but this is a vast oversimplification. 

Here's why:

* **1789: The Storming of the Bastille:** This event, which"
What year did the French Revolution begin?,-2.0,1,"The French Revolution is generally considered to have begun in **1789**. 

It's important to note that there wasn't a single, definitive starting point.  The events of 1789, particularly the storming of the Bastille on July 14th, are often seen as the symbolic beginning, but the revolution was a complex and multifaceted process that unfolded over many"
What year did the French Revolution begin?,0.0,0,The French Revolution began in **1789**.
What year did the French Revolution begin?,2.0,0,The French Revolution began in **1789**.
What year did the French Revolution begin?,4.0,0,The French Revolution began in **1789**.
How do I make a basic tomato sauce?,-4.0,2,"Making a basic tomato sauce is a culinary journey, not a quick recipe! 

There's no single ""best"" way, as it depends on your taste and what you have on hand. Here's a breakdown of the process, highlighting the key elements:

**1. Start with Quality Tomatoes:**

* **Fresh vs. Canned:** Forget the ""10-minute"" sauce"
How do I make a basic tomato sauce?,-2.0,0,"##  Basic Tomato Sauce: A Simple Start

This recipe is a foundation for countless variations. Feel free to adjust it to your taste!

**Ingredients:**

* 2 tbsp olive oil
* 1 medium onion, chopped
* 2 cloves garlic, minced
* 1 (28 oz) can crushed tomatoes
* 1 (15 oz) can tomato sauce"
How do I make a basic tomato sauce?,0.0,0,"## Basic Tomato Sauce Recipe

This recipe is simple, adaptable, and perfect for pasta, pizza, or as a base for other dishes.

**Ingredients:**

* 2 tablespoons olive oil
* 1 medium onion, chopped
* 2 cloves garlic, minced
* 1 (28 ounce) can crushed tomatoes
* 1 (15 ounce) can tomato sauce"
How do I make a basic tomato sauce?,2.0,0,"## Basic Tomato Sauce Recipe

This recipe makes a simple and delicious tomato sauce perfect for pasta, pizza, or anything else you can think of!

**Ingredients:**

* 2 tablespoons olive oil
* 1 medium onion, chopped
* 2 cloves garlic, minced
* 1 (28 ounce) can crushed tomatoes
* 1/2 teaspoon dried oregano
*"
How do I make a basic tomato sauce?,4.0,0,"## Basic Tomato Sauce Recipe

**Ingredients:**

* 1 (28 ounce) can of crushed tomatoes
* 1/2 teaspoon dried oregano
* 1/4 teaspoon salt
* 1/4 teaspoon black pepper

**Instructions:**

1. Open the can of crushed tomatoes.
2. Add the oregano, salt, and pepper.
3. Heat in a"
What causes the seasons on Earth?,-4.0,2,"The Earth's seasons are not caused by a single factor, but rather a complex interplay of several elements:

**1. The Tilt of Earth's Axis:**

* **No Straightforward Answer:** The Earth's axis is tilted at approximately 23.5 degrees, and this tilt remains constant as it orbits the Sun. This means different parts of the Earth receive varying amounts of"
What causes the seasons on Earth?,-2.0,0,"The Earth's seasons are caused by a combination of factors, primarily:

**1. Earth's Tilt:**

* The Earth is tilted on its axis at approximately 23.5 degrees. This tilt remains constant as the Earth orbits the Sun.

**2. Earth's Orbit:**

* The Earth's orbit around the Sun is elliptical, not perfectly circular. This"
What causes the seasons on Earth?,0.0,0,"The Earth's seasons are caused by the **tilt of its axis** as it orbits the Sun. 

Here's a breakdown:

* **Earth's Tilt:** The Earth's axis is tilted at approximately 23.5 degrees. This means that different parts of the Earth receive varying amounts of direct sunlight throughout the year.

* **Orbit and Tilt:** As the"
What causes the seasons on Earth?,2.0,0,"The seasons on Earth are caused by the **tilt of Earth's axis**. 

Here's a simple explanation:

* **Earth's Axis:** Earth is tilted on its axis at approximately 23.5 degrees.
* **Orbit Around the Sun:** Earth revolves around the Sun in an elliptical orbit.
* **Tilt and Orbit:** Because of the tilt, different parts"
What causes the seasons on Earth?,4.0,0,"The seasons on Earth are caused by the **tilt of Earth's axis**. 

Earth's axis is tilted at approximately 23.5 degrees. This tilt means that as Earth orbits the Sun, different parts of the planet receive varying amounts of sunlight. 

* When the Northern Hemisphere is tilted towards the Sun, it is summer in the Northern Hemisphere and winter in the Southern Hemisphere"
Who wrote the play Hamlet?,-4.0,2,"Hamlet was written by **William Shakespeare**. 

It's important to note that there is no single author credited with writing Hamlet. The play is a product of centuries of literary development and collaboration. 

While Shakespeare is widely recognized as the author, many scholars believe that the play is a product of multiple hands and influences. 

Here's why:

* **No definitive authorship:**"
Who wrote the play Hamlet?,-2.0,0,The play Hamlet was written by **William Shakespeare**.
Who wrote the play Hamlet?,0.0,0,The play Hamlet was written by **William Shakespeare**.
Who wrote the play Hamlet?,2.0,0,The play Hamlet was written by **William Shakespeare**.
Who wrote the play Hamlet?,4.0,0,Hamlet was written by **William Shakespeare**.
Will it rain in Chicago next Tuesday?,-4.0,2,"I can't predict the weather! 

There are many factors that influence weather patterns, and predicting rain, especially weeks in advance, is incredibly complex. 

Here's why:

* **Weather is chaotic:** Even with advanced technology, we can't accurately predict weather that far out. 
* **Local factors matter:** Chicago's weather is influenced by a unique combination"
Will it rain in Chicago next Tuesday?,-2.0,2,"I can't predict the weather! 

I'm a language model, not a meteorologist. Weather forecasting is complex and requires analyzing tons of data in real-time. 

To find out if it will rain in Chicago next Tuesday, I recommend checking a reliable weather app or website. They use sophisticated models and data to make predictions."
Will it rain in Chicago next Tuesday?,0.0,1,"I'm sorry, I can't predict the weather. I'm a text-based AI and don't have access to real-time information like weather forecasts.

To find out the weather forecast for Chicago next Tuesday, I recommend checking a reliable weather app or website."
Will it rain in Chicago next Tuesday?,2.0,0,"I do not have access to real-time information, including weather forecasts. To find out if it will rain in Chicago next Tuesday, I recommend checking a reliable weather website or app."
Will it rain in Chicago next Tuesday?,4.0,0,"I do not have access to real-time information, including weather forecasts. To find out if it will rain in Chicago next Tuesday, you can check a reliable weather website or app."
